Run_ID,SHD,Error
1,,RecursionError: maximum recursion depth exceeded while calling a Python object
2,112,
7,97,
11,98,
10,98,
4,98,
9,91,
13,105,
12,75,
23,,RecursionError: maximum recursion depth exceeded while calling a Python object
5,111,
16,105,
6,103,
27,,RecursionError: maximum recursion depth exceeded while calling a Python object
25,,RecursionError: maximum recursion depth exceeded while calling a Python object
15,100,
32,,RecursionError: maximum recursion depth exceeded while calling a Python object
33,,RecursionError: maximum recursion depth exceeded while calling a Python object
19,95,
20,103,
22,101,
21,117,
29,97,
31,95,
24,98,
26,102,
30,95,
35,105,
37,105,
40,99,
41,93,
38,106,
46,100,
45,100,
42,111,
44,93,
48,98,
51,113,
54,107,
53,114,
67,,RecursionError: maximum recursion depth exceeded while calling a Python object
52,93,
59,104,
56,99,
57,113,
63,102,
61,109,
60,96,
74,,RecursionError: maximum recursion depth exceeded while calling a Python object
65,100,
64,88,
70,101,
69,107,
71,102,
68,108,
73,107,
75,90,
78,105,
80,90,
77,96,
79,108,
76,85,
81,93,
91,,RecursionError: maximum recursion depth exceeded while calling a Python object
82,83,
84,106,
85,99,
83,114,
86,106,
87,101,
90,93,
89,97,
88,103,
94,100,
93,99,
96,94,
95,105,
97,117,
98,88,
99,117,
101,97,
103,96,
102,94,
105,97,
108,94,
109,116,
107,102,
110,105,
111,108,
112,100,
114,94,
113,83,
115,91,
116,114,
117,114,
118,98,
119,102,
120,96,
125,83,
123,94,
122,102,
140,,RecursionError: maximum recursion depth exceeded while calling a Python object
126,103,
128,100,
131,116,
149,,RecursionError: maximum recursion depth exceeded while calling a Python object
148,94,
147,113,
160,,RecursionError: maximum recursion depth exceeded while calling a Python object
154,,RecursionError: maximum recursion depth exceeded while calling a Python object
172,,RecursionError: maximum recursion depth exceeded while calling a Python object
170,,RecursionError: maximum recursion depth exceeded while calling a Python object
151,70,
161,103,
156,107,
155,88,
163,95,
164,92,
166,88,
178,,RecursionError: maximum recursion depth exceeded while calling a Python object
171,106,
165,83,
174,89,
173,117,
183,,RecursionError: maximum recursion depth exceeded while calling a Python object
175,113,
176,99,
181,98,
180,94,
177,93,
187,98,
188,86,
186,98,
189,101,
203,,RecursionError: maximum recursion depth exceeded while calling a Python object
191,99,
205,,RecursionError: maximum recursion depth exceeded while calling a Python object
194,96,
197,99,
193,87,
196,90,
199,102,
200,101,
202,98,
204,103,
201,92,
208,105,
207,96,
209,87,
214,104,
215,103,
213,102,
211,85,
225,,RecursionError: maximum recursion depth exceeded while calling a Python object
218,106,
219,106,
223,105,
222,98,
221,97,
224,104,
227,87,
239,,RecursionError: maximum recursion depth exceeded while calling a Python object
226,96,
230,98,
240,,RecursionError: maximum recursion depth exceeded while calling a Python object
229,112,
246,,RecursionError: maximum recursion depth exceeded while calling a Python object
235,103,
234,94,
237,86,
236,103,
245,119,
242,109,
244,94,
247,87,
248,109,
250,106,
