,u,v,edge_type,count
0,Worry_1,Worry_2,u->v,31
1,Worry_1,Worry_2,v->u,0
2,Worry_1,Worry_2,undirected,0
3,Worry_1,Worry_2,none,123
4,Worry_1,Worry_2,unknown,0
5,Worry_1,Worry_3,u->v,22
6,Worry_1,Worry_3,v->u,4
7,Worry_1,Worry_3,undirected,0
8,Worry_1,Worry_3,none,128
9,Worry_1,Worry_3,unknown,0
10,Worry_1,Worry_4,u->v,30
11,Worry_1,Worry_4,v->u,2
12,Worry_1,Worry_4,undirected,0
13,Worry_1,Worry_4,none,122
14,Worry_1,Worry_4,unknown,0
15,Worry_1,Worry_5,u->v,18
16,Worry_1,Worry_5,v->u,1
17,Worry_1,Worry_5,undirected,0
18,Worry_1,Worry_5,none,135
19,Worry_1,Worry_5,unknown,0
20,Worry_1,Worry_6,u->v,6
21,Worry_1,Worry_6,v->u,6
22,Worry_1,Worry_6,undirected,3
23,Worry_1,Worry_6,none,139
24,Worry_1,Worry_6,unknown,0
25,Worry_1,Worry_7,u->v,15
26,Worry_1,Worry_7,v->u,7
27,Worry_1,Worry_7,undirected,0
28,Worry_1,Worry_7,none,132
29,Worry_1,Worry_7,unknown,0
30,Worry_1,Worry_8,u->v,0
31,Worry_1,Worry_8,v->u,16
32,Worry_1,Worry_8,undirected,0
33,Worry_1,Worry_8,none,138
34,Worry_1,Worry_8,unknown,0
35,Worry_1,Worry_9,u->v,0
36,Worry_1,Worry_9,v->u,22
37,Worry_1,Worry_9,undirected,0
38,Worry_1,Worry_9,none,132
39,Worry_1,Worry_9,unknown,0
40,Worry_1,Worry_10,u->v,11
41,Worry_1,Worry_10,v->u,5
42,Worry_1,Worry_10,undirected,0
43,Worry_1,Worry_10,none,138
44,Worry_1,Worry_10,unknown,0
45,Worry_1,MistrustB_1,u->v,17
46,Worry_1,MistrustB_1,v->u,0
47,Worry_1,MistrustB_1,undirected,1
48,Worry_1,MistrustB_1,none,136
49,Worry_1,MistrustB_1,unknown,0
50,Worry_1,MistrustB_2,u->v,15
51,Worry_1,MistrustB_2,v->u,1
52,Worry_1,MistrustB_2,undirected,0
53,Worry_1,MistrustB_2,none,138
54,Worry_1,MistrustB_2,unknown,0
55,Worry_1,MistrustB_3,u->v,17
56,Worry_1,MistrustB_3,v->u,3
57,Worry_1,MistrustB_3,undirected,0
58,Worry_1,MistrustB_3,none,134
59,Worry_1,MistrustB_3,unknown,0
60,Worry_1,MistrustB_4,u->v,15
61,Worry_1,MistrustB_4,v->u,0
62,Worry_1,MistrustB_4,undirected,0
63,Worry_1,MistrustB_4,none,139
64,Worry_1,MistrustB_4,unknown,0
65,Worry_1,MistrustB_5,u->v,14
66,Worry_1,MistrustB_5,v->u,0
67,Worry_1,MistrustB_5,undirected,0
68,Worry_1,MistrustB_5,none,140
69,Worry_1,MistrustB_5,unknown,0
70,Worry_1,MistrustB_6,u->v,13
71,Worry_1,MistrustB_6,v->u,0
72,Worry_1,MistrustB_6,undirected,1
73,Worry_1,MistrustB_6,none,140
74,Worry_1,MistrustB_6,unknown,0
75,Worry_1,MistrustB_7,u->v,16
76,Worry_1,MistrustB_7,v->u,0
77,Worry_1,MistrustB_7,undirected,0
78,Worry_1,MistrustB_7,none,138
79,Worry_1,MistrustB_7,unknown,0
80,Worry_1,MistrustB_8,u->v,16
81,Worry_1,MistrustB_8,v->u,1
82,Worry_1,MistrustB_8,undirected,0
83,Worry_1,MistrustB_8,none,137
84,Worry_1,MistrustB_8,unknown,0
85,Worry_1,MistrustB_9,u->v,12
86,Worry_1,MistrustB_9,v->u,4
87,Worry_1,MistrustB_9,undirected,1
88,Worry_1,MistrustB_9,none,137
89,Worry_1,MistrustB_9,unknown,0
90,Worry_1,MistrustB_10,u->v,13
91,Worry_1,MistrustB_10,v->u,0
92,Worry_1,MistrustB_10,undirected,0
93,Worry_1,MistrustB_10,none,141
94,Worry_1,MistrustB_10,unknown,0
95,Worry_1,Sleep_1,u->v,5
96,Worry_1,Sleep_1,v->u,0
97,Worry_1,Sleep_1,undirected,0
98,Worry_1,Sleep_1,none,149
99,Worry_1,Sleep_1,unknown,0
100,Worry_1,Sleep_2,u->v,4
101,Worry_1,Sleep_2,v->u,0
102,Worry_1,Sleep_2,undirected,0
103,Worry_1,Sleep_2,none,150
104,Worry_1,Sleep_2,unknown,0
105,Worry_1,Sleep_3,u->v,4
106,Worry_1,Sleep_3,v->u,0
107,Worry_1,Sleep_3,undirected,0
108,Worry_1,Sleep_3,none,150
109,Worry_1,Sleep_3,unknown,0
110,Worry_1,Sleep_4,u->v,6
111,Worry_1,Sleep_4,v->u,2
112,Worry_1,Sleep_4,undirected,0
113,Worry_1,Sleep_4,none,146
114,Worry_1,Sleep_4,unknown,0
115,Worry_1,Sleep_5,u->v,3
116,Worry_1,Sleep_5,v->u,0
117,Worry_1,Sleep_5,undirected,0
118,Worry_1,Sleep_5,none,151
119,Worry_1,Sleep_5,unknown,0
120,Worry_1,Sleep_6,u->v,3
121,Worry_1,Sleep_6,v->u,0
122,Worry_1,Sleep_6,undirected,0
123,Worry_1,Sleep_6,none,151
124,Worry_1,Sleep_6,unknown,0
125,Worry_1,Sleep_7,u->v,4
126,Worry_1,Sleep_7,v->u,0
127,Worry_1,Sleep_7,undirected,0
128,Worry_1,Sleep_7,none,150
129,Worry_1,Sleep_7,unknown,0
130,Worry_1,L1,u->v,1
131,Worry_1,L1,v->u,3
132,Worry_1,L1,undirected,1
133,Worry_1,L1,none,149
134,Worry_1,L1,unknown,0
135,Worry_1,L2,u->v,7
136,Worry_1,L2,v->u,6
137,Worry_1,L2,undirected,0
138,Worry_1,L2,none,141
139,Worry_1,L2,unknown,0
140,Worry_1,L3,u->v,2
141,Worry_1,L3,v->u,32
142,Worry_1,L3,undirected,0
143,Worry_1,L3,none,120
144,Worry_1,L3,unknown,0
145,Worry_1,L4,u->v,0
146,Worry_1,L4,v->u,2
147,Worry_1,L4,undirected,0
148,Worry_1,L4,none,152
149,Worry_1,L4,unknown,0
150,Worry_1,L5,u->v,7
151,Worry_1,L5,v->u,18
152,Worry_1,L5,undirected,0
153,Worry_1,L5,none,129
154,Worry_1,L5,unknown,0
155,Worry_1,L6,u->v,2
156,Worry_1,L6,v->u,17
157,Worry_1,L6,undirected,0
158,Worry_1,L6,none,135
159,Worry_1,L6,unknown,0
160,Worry_1,L7,u->v,3
161,Worry_1,L7,v->u,10
162,Worry_1,L7,undirected,0
163,Worry_1,L7,none,141
164,Worry_1,L7,unknown,0
165,Worry_1,L8,u->v,0
166,Worry_1,L8,v->u,54
167,Worry_1,L8,undirected,1
168,Worry_1,L8,none,99
169,Worry_1,L8,unknown,0
170,Worry_1,L9,u->v,1
171,Worry_1,L9,v->u,6
172,Worry_1,L9,undirected,0
173,Worry_1,L9,none,147
174,Worry_1,L9,unknown,0
175,Worry_1,L10,u->v,5
176,Worry_1,L10,v->u,6
177,Worry_1,L10,undirected,0
178,Worry_1,L10,none,143
179,Worry_1,L10,unknown,0
180,Worry_2,Worry_3,u->v,2
181,Worry_2,Worry_3,v->u,4
182,Worry_2,Worry_3,undirected,0
183,Worry_2,Worry_3,none,148
184,Worry_2,Worry_3,unknown,0
185,Worry_2,Worry_4,u->v,2
186,Worry_2,Worry_4,v->u,2
187,Worry_2,Worry_4,undirected,0
188,Worry_2,Worry_4,none,150
189,Worry_2,Worry_4,unknown,0
190,Worry_2,Worry_5,u->v,1
191,Worry_2,Worry_5,v->u,1
192,Worry_2,Worry_5,undirected,0
193,Worry_2,Worry_5,none,152
194,Worry_2,Worry_5,unknown,0
195,Worry_2,Worry_6,u->v,0
196,Worry_2,Worry_6,v->u,2
197,Worry_2,Worry_6,undirected,0
198,Worry_2,Worry_6,none,152
199,Worry_2,Worry_6,unknown,0
200,Worry_2,Worry_7,u->v,0
201,Worry_2,Worry_7,v->u,3
202,Worry_2,Worry_7,undirected,0
203,Worry_2,Worry_7,none,151
204,Worry_2,Worry_7,unknown,0
205,Worry_2,Worry_8,u->v,0
206,Worry_2,Worry_8,v->u,16
207,Worry_2,Worry_8,undirected,0
208,Worry_2,Worry_8,none,138
209,Worry_2,Worry_8,unknown,0
210,Worry_2,Worry_9,u->v,0
211,Worry_2,Worry_9,v->u,22
212,Worry_2,Worry_9,undirected,0
213,Worry_2,Worry_9,none,132
214,Worry_2,Worry_9,unknown,0
215,Worry_2,Worry_10,u->v,2
216,Worry_2,Worry_10,v->u,3
217,Worry_2,Worry_10,undirected,0
218,Worry_2,Worry_10,none,149
219,Worry_2,Worry_10,unknown,0
220,Worry_2,MistrustB_1,u->v,0
221,Worry_2,MistrustB_1,v->u,0
222,Worry_2,MistrustB_1,undirected,0
223,Worry_2,MistrustB_1,none,154
224,Worry_2,MistrustB_1,unknown,0
225,Worry_2,MistrustB_2,u->v,0
226,Worry_2,MistrustB_2,v->u,1
227,Worry_2,MistrustB_2,undirected,0
228,Worry_2,MistrustB_2,none,153
229,Worry_2,MistrustB_2,unknown,0
230,Worry_2,MistrustB_3,u->v,1
231,Worry_2,MistrustB_3,v->u,2
232,Worry_2,MistrustB_3,undirected,0
233,Worry_2,MistrustB_3,none,151
234,Worry_2,MistrustB_3,unknown,0
235,Worry_2,MistrustB_4,u->v,0
236,Worry_2,MistrustB_4,v->u,0
237,Worry_2,MistrustB_4,undirected,0
238,Worry_2,MistrustB_4,none,154
239,Worry_2,MistrustB_4,unknown,0
240,Worry_2,MistrustB_5,u->v,0
241,Worry_2,MistrustB_5,v->u,0
242,Worry_2,MistrustB_5,undirected,0
243,Worry_2,MistrustB_5,none,154
244,Worry_2,MistrustB_5,unknown,0
245,Worry_2,MistrustB_6,u->v,0
246,Worry_2,MistrustB_6,v->u,0
247,Worry_2,MistrustB_6,undirected,0
248,Worry_2,MistrustB_6,none,154
249,Worry_2,MistrustB_6,unknown,0
250,Worry_2,MistrustB_7,u->v,1
251,Worry_2,MistrustB_7,v->u,0
252,Worry_2,MistrustB_7,undirected,0
253,Worry_2,MistrustB_7,none,153
254,Worry_2,MistrustB_7,unknown,0
255,Worry_2,MistrustB_8,u->v,0
256,Worry_2,MistrustB_8,v->u,1
257,Worry_2,MistrustB_8,undirected,0
258,Worry_2,MistrustB_8,none,153
259,Worry_2,MistrustB_8,unknown,0
260,Worry_2,MistrustB_9,u->v,0
261,Worry_2,MistrustB_9,v->u,2
262,Worry_2,MistrustB_9,undirected,0
263,Worry_2,MistrustB_9,none,152
264,Worry_2,MistrustB_9,unknown,0
265,Worry_2,MistrustB_10,u->v,0
266,Worry_2,MistrustB_10,v->u,0
267,Worry_2,MistrustB_10,undirected,0
268,Worry_2,MistrustB_10,none,154
269,Worry_2,MistrustB_10,unknown,0
270,Worry_2,Sleep_1,u->v,0
271,Worry_2,Sleep_1,v->u,0
272,Worry_2,Sleep_1,undirected,0
273,Worry_2,Sleep_1,none,154
274,Worry_2,Sleep_1,unknown,0
275,Worry_2,Sleep_2,u->v,0
276,Worry_2,Sleep_2,v->u,0
277,Worry_2,Sleep_2,undirected,0
278,Worry_2,Sleep_2,none,154
279,Worry_2,Sleep_2,unknown,0
280,Worry_2,Sleep_3,u->v,0
281,Worry_2,Sleep_3,v->u,0
282,Worry_2,Sleep_3,undirected,0
283,Worry_2,Sleep_3,none,154
284,Worry_2,Sleep_3,unknown,0
285,Worry_2,Sleep_4,u->v,0
286,Worry_2,Sleep_4,v->u,2
287,Worry_2,Sleep_4,undirected,0
288,Worry_2,Sleep_4,none,152
289,Worry_2,Sleep_4,unknown,0
290,Worry_2,Sleep_5,u->v,0
291,Worry_2,Sleep_5,v->u,0
292,Worry_2,Sleep_5,undirected,0
293,Worry_2,Sleep_5,none,154
294,Worry_2,Sleep_5,unknown,0
295,Worry_2,Sleep_6,u->v,0
296,Worry_2,Sleep_6,v->u,0
297,Worry_2,Sleep_6,undirected,0
298,Worry_2,Sleep_6,none,154
299,Worry_2,Sleep_6,unknown,0
300,Worry_2,Sleep_7,u->v,0
301,Worry_2,Sleep_7,v->u,0
302,Worry_2,Sleep_7,undirected,0
303,Worry_2,Sleep_7,none,154
304,Worry_2,Sleep_7,unknown,0
305,Worry_2,L1,u->v,0
306,Worry_2,L1,v->u,4
307,Worry_2,L1,undirected,1
308,Worry_2,L1,none,149
309,Worry_2,L1,unknown,0
310,Worry_2,L2,u->v,0
311,Worry_2,L2,v->u,1
312,Worry_2,L2,undirected,0
313,Worry_2,L2,none,153
314,Worry_2,L2,unknown,0
315,Worry_2,L3,u->v,0
316,Worry_2,L3,v->u,40
317,Worry_2,L3,undirected,0
318,Worry_2,L3,none,114
319,Worry_2,L3,unknown,0
320,Worry_2,L4,u->v,0
321,Worry_2,L4,v->u,2
322,Worry_2,L4,undirected,0
323,Worry_2,L4,none,152
324,Worry_2,L4,unknown,0
325,Worry_2,L5,u->v,0
326,Worry_2,L5,v->u,14
327,Worry_2,L5,undirected,0
328,Worry_2,L5,none,140
329,Worry_2,L5,unknown,0
330,Worry_2,L6,u->v,0
331,Worry_2,L6,v->u,15
332,Worry_2,L6,undirected,0
333,Worry_2,L6,none,139
334,Worry_2,L6,unknown,0
335,Worry_2,L7,u->v,0
336,Worry_2,L7,v->u,9
337,Worry_2,L7,undirected,0
338,Worry_2,L7,none,145
339,Worry_2,L7,unknown,0
340,Worry_2,L8,u->v,0
341,Worry_2,L8,v->u,64
342,Worry_2,L8,undirected,1
343,Worry_2,L8,none,89
344,Worry_2,L8,unknown,0
345,Worry_2,L9,u->v,0
346,Worry_2,L9,v->u,3
347,Worry_2,L9,undirected,0
348,Worry_2,L9,none,151
349,Worry_2,L9,unknown,0
350,Worry_2,L10,u->v,0
351,Worry_2,L10,v->u,1
352,Worry_2,L10,undirected,0
353,Worry_2,L10,none,153
354,Worry_2,L10,unknown,0
355,Worry_3,Worry_4,u->v,2
356,Worry_3,Worry_4,v->u,4
357,Worry_3,Worry_4,undirected,0
358,Worry_3,Worry_4,none,148
359,Worry_3,Worry_4,unknown,0
360,Worry_3,Worry_5,u->v,1
361,Worry_3,Worry_5,v->u,4
362,Worry_3,Worry_5,undirected,0
363,Worry_3,Worry_5,none,149
364,Worry_3,Worry_5,unknown,0
365,Worry_3,Worry_6,u->v,2
366,Worry_3,Worry_6,v->u,16
367,Worry_3,Worry_6,undirected,2
368,Worry_3,Worry_6,none,134
369,Worry_3,Worry_6,unknown,0
370,Worry_3,Worry_7,u->v,1
371,Worry_3,Worry_7,v->u,27
372,Worry_3,Worry_7,undirected,0
373,Worry_3,Worry_7,none,126
374,Worry_3,Worry_7,unknown,0
375,Worry_3,Worry_8,u->v,0
376,Worry_3,Worry_8,v->u,8
377,Worry_3,Worry_8,undirected,0
378,Worry_3,Worry_8,none,146
379,Worry_3,Worry_8,unknown,0
380,Worry_3,Worry_9,u->v,0
381,Worry_3,Worry_9,v->u,15
382,Worry_3,Worry_9,undirected,0
383,Worry_3,Worry_9,none,139
384,Worry_3,Worry_9,unknown,0
385,Worry_3,Worry_10,u->v,1
386,Worry_3,Worry_10,v->u,11
387,Worry_3,Worry_10,undirected,1
388,Worry_3,Worry_10,none,141
389,Worry_3,Worry_10,unknown,0
390,Worry_3,MistrustB_1,u->v,1
391,Worry_3,MistrustB_1,v->u,0
392,Worry_3,MistrustB_1,undirected,0
393,Worry_3,MistrustB_1,none,153
394,Worry_3,MistrustB_1,unknown,0
395,Worry_3,MistrustB_2,u->v,3
396,Worry_3,MistrustB_2,v->u,2
397,Worry_3,MistrustB_2,undirected,0
398,Worry_3,MistrustB_2,none,149
399,Worry_3,MistrustB_2,unknown,0
400,Worry_3,MistrustB_3,u->v,1
401,Worry_3,MistrustB_3,v->u,1
402,Worry_3,MistrustB_3,undirected,0
403,Worry_3,MistrustB_3,none,152
404,Worry_3,MistrustB_3,unknown,0
405,Worry_3,MistrustB_4,u->v,3
406,Worry_3,MistrustB_4,v->u,3
407,Worry_3,MistrustB_4,undirected,0
408,Worry_3,MistrustB_4,none,148
409,Worry_3,MistrustB_4,unknown,0
410,Worry_3,MistrustB_5,u->v,3
411,Worry_3,MistrustB_5,v->u,3
412,Worry_3,MistrustB_5,undirected,0
413,Worry_3,MistrustB_5,none,148
414,Worry_3,MistrustB_5,unknown,0
415,Worry_3,MistrustB_6,u->v,2
416,Worry_3,MistrustB_6,v->u,2
417,Worry_3,MistrustB_6,undirected,0
418,Worry_3,MistrustB_6,none,150
419,Worry_3,MistrustB_6,unknown,0
420,Worry_3,MistrustB_7,u->v,1
421,Worry_3,MistrustB_7,v->u,0
422,Worry_3,MistrustB_7,undirected,0
423,Worry_3,MistrustB_7,none,153
424,Worry_3,MistrustB_7,unknown,0
425,Worry_3,MistrustB_8,u->v,3
426,Worry_3,MistrustB_8,v->u,3
427,Worry_3,MistrustB_8,undirected,0
428,Worry_3,MistrustB_8,none,148
429,Worry_3,MistrustB_8,unknown,0
430,Worry_3,MistrustB_9,u->v,3
431,Worry_3,MistrustB_9,v->u,5
432,Worry_3,MistrustB_9,undirected,0
433,Worry_3,MistrustB_9,none,146
434,Worry_3,MistrustB_9,unknown,0
435,Worry_3,MistrustB_10,u->v,3
436,Worry_3,MistrustB_10,v->u,0
437,Worry_3,MistrustB_10,undirected,0
438,Worry_3,MistrustB_10,none,151
439,Worry_3,MistrustB_10,unknown,0
440,Worry_3,Sleep_1,u->v,0
441,Worry_3,Sleep_1,v->u,1
442,Worry_3,Sleep_1,undirected,0
443,Worry_3,Sleep_1,none,153
444,Worry_3,Sleep_1,unknown,0
445,Worry_3,Sleep_2,u->v,0
446,Worry_3,Sleep_2,v->u,2
447,Worry_3,Sleep_2,undirected,0
448,Worry_3,Sleep_2,none,152
449,Worry_3,Sleep_2,unknown,0
450,Worry_3,Sleep_3,u->v,1
451,Worry_3,Sleep_3,v->u,1
452,Worry_3,Sleep_3,undirected,0
453,Worry_3,Sleep_3,none,152
454,Worry_3,Sleep_3,unknown,0
455,Worry_3,Sleep_4,u->v,1
456,Worry_3,Sleep_4,v->u,0
457,Worry_3,Sleep_4,undirected,0
458,Worry_3,Sleep_4,none,153
459,Worry_3,Sleep_4,unknown,0
460,Worry_3,Sleep_5,u->v,1
461,Worry_3,Sleep_5,v->u,1
462,Worry_3,Sleep_5,undirected,0
463,Worry_3,Sleep_5,none,152
464,Worry_3,Sleep_5,unknown,0
465,Worry_3,Sleep_6,u->v,1
466,Worry_3,Sleep_6,v->u,2
467,Worry_3,Sleep_6,undirected,0
468,Worry_3,Sleep_6,none,151
469,Worry_3,Sleep_6,unknown,0
470,Worry_3,Sleep_7,u->v,1
471,Worry_3,Sleep_7,v->u,1
472,Worry_3,Sleep_7,undirected,0
473,Worry_3,Sleep_7,none,152
474,Worry_3,Sleep_7,unknown,0
475,Worry_3,L1,u->v,0
476,Worry_3,L1,v->u,16
477,Worry_3,L1,undirected,1
478,Worry_3,L1,none,137
479,Worry_3,L1,unknown,0
480,Worry_3,L2,u->v,0
481,Worry_3,L2,v->u,16
482,Worry_3,L2,undirected,0
483,Worry_3,L2,none,138
484,Worry_3,L2,unknown,0
485,Worry_3,L3,u->v,0
486,Worry_3,L3,v->u,58
487,Worry_3,L3,undirected,0
488,Worry_3,L3,none,96
489,Worry_3,L3,unknown,0
490,Worry_3,L4,u->v,0
491,Worry_3,L4,v->u,20
492,Worry_3,L4,undirected,1
493,Worry_3,L4,none,133
494,Worry_3,L4,unknown,0
495,Worry_3,L5,u->v,0
496,Worry_3,L5,v->u,18
497,Worry_3,L5,undirected,0
498,Worry_3,L5,none,136
499,Worry_3,L5,unknown,0
500,Worry_3,L6,u->v,0
501,Worry_3,L6,v->u,14
502,Worry_3,L6,undirected,0
503,Worry_3,L6,none,140
504,Worry_3,L6,unknown,0
505,Worry_3,L7,u->v,0
506,Worry_3,L7,v->u,16
507,Worry_3,L7,undirected,0
508,Worry_3,L7,none,138
509,Worry_3,L7,unknown,0
510,Worry_3,L8,u->v,0
511,Worry_3,L8,v->u,13
512,Worry_3,L8,undirected,0
513,Worry_3,L8,none,141
514,Worry_3,L8,unknown,0
515,Worry_3,L9,u->v,0
516,Worry_3,L9,v->u,8
517,Worry_3,L9,undirected,0
518,Worry_3,L9,none,146
519,Worry_3,L9,unknown,0
520,Worry_3,L10,u->v,0
521,Worry_3,L10,v->u,6
522,Worry_3,L10,undirected,0
523,Worry_3,L10,none,148
524,Worry_3,L10,unknown,0
525,Worry_4,Worry_5,u->v,6
526,Worry_4,Worry_5,v->u,4
527,Worry_4,Worry_5,undirected,1
528,Worry_4,Worry_5,none,143
529,Worry_4,Worry_5,unknown,0
530,Worry_4,Worry_6,u->v,0
531,Worry_4,Worry_6,v->u,16
532,Worry_4,Worry_6,undirected,1
533,Worry_4,Worry_6,none,137
534,Worry_4,Worry_6,unknown,0
535,Worry_4,Worry_7,u->v,2
536,Worry_4,Worry_7,v->u,15
537,Worry_4,Worry_7,undirected,0
538,Worry_4,Worry_7,none,137
539,Worry_4,Worry_7,unknown,0
540,Worry_4,Worry_8,u->v,0
541,Worry_4,Worry_8,v->u,7
542,Worry_4,Worry_8,undirected,0
543,Worry_4,Worry_8,none,147
544,Worry_4,Worry_8,unknown,0
545,Worry_4,Worry_9,u->v,0
546,Worry_4,Worry_9,v->u,10
547,Worry_4,Worry_9,undirected,0
548,Worry_4,Worry_9,none,144
549,Worry_4,Worry_9,unknown,0
550,Worry_4,Worry_10,u->v,3
551,Worry_4,Worry_10,v->u,9
552,Worry_4,Worry_10,undirected,0
553,Worry_4,Worry_10,none,142
554,Worry_4,Worry_10,unknown,0
555,Worry_4,MistrustB_1,u->v,1
556,Worry_4,MistrustB_1,v->u,0
557,Worry_4,MistrustB_1,undirected,1
558,Worry_4,MistrustB_1,none,152
559,Worry_4,MistrustB_1,unknown,0
560,Worry_4,MistrustB_2,u->v,1
561,Worry_4,MistrustB_2,v->u,2
562,Worry_4,MistrustB_2,undirected,0
563,Worry_4,MistrustB_2,none,151
564,Worry_4,MistrustB_2,unknown,0
565,Worry_4,MistrustB_3,u->v,0
566,Worry_4,MistrustB_3,v->u,1
567,Worry_4,MistrustB_3,undirected,0
568,Worry_4,MistrustB_3,none,153
569,Worry_4,MistrustB_3,unknown,0
570,Worry_4,MistrustB_4,u->v,1
571,Worry_4,MistrustB_4,v->u,4
572,Worry_4,MistrustB_4,undirected,0
573,Worry_4,MistrustB_4,none,149
574,Worry_4,MistrustB_4,unknown,0
575,Worry_4,MistrustB_5,u->v,1
576,Worry_4,MistrustB_5,v->u,3
577,Worry_4,MistrustB_5,undirected,0
578,Worry_4,MistrustB_5,none,150
579,Worry_4,MistrustB_5,unknown,0
580,Worry_4,MistrustB_6,u->v,1
581,Worry_4,MistrustB_6,v->u,2
582,Worry_4,MistrustB_6,undirected,0
583,Worry_4,MistrustB_6,none,151
584,Worry_4,MistrustB_6,unknown,0
585,Worry_4,MistrustB_7,u->v,1
586,Worry_4,MistrustB_7,v->u,0
587,Worry_4,MistrustB_7,undirected,0
588,Worry_4,MistrustB_7,none,153
589,Worry_4,MistrustB_7,unknown,0
590,Worry_4,MistrustB_8,u->v,1
591,Worry_4,MistrustB_8,v->u,3
592,Worry_4,MistrustB_8,undirected,0
593,Worry_4,MistrustB_8,none,150
594,Worry_4,MistrustB_8,unknown,0
595,Worry_4,MistrustB_9,u->v,1
596,Worry_4,MistrustB_9,v->u,7
597,Worry_4,MistrustB_9,undirected,0
598,Worry_4,MistrustB_9,none,146
599,Worry_4,MistrustB_9,unknown,0
600,Worry_4,MistrustB_10,u->v,1
601,Worry_4,MistrustB_10,v->u,0
602,Worry_4,MistrustB_10,undirected,0
603,Worry_4,MistrustB_10,none,153
604,Worry_4,MistrustB_10,unknown,0
605,Worry_4,Sleep_1,u->v,0
606,Worry_4,Sleep_1,v->u,1
607,Worry_4,Sleep_1,undirected,0
608,Worry_4,Sleep_1,none,153
609,Worry_4,Sleep_1,unknown,0
610,Worry_4,Sleep_2,u->v,0
611,Worry_4,Sleep_2,v->u,0
612,Worry_4,Sleep_2,undirected,0
613,Worry_4,Sleep_2,none,154
614,Worry_4,Sleep_2,unknown,0
615,Worry_4,Sleep_3,u->v,0
616,Worry_4,Sleep_3,v->u,0
617,Worry_4,Sleep_3,undirected,0
618,Worry_4,Sleep_3,none,154
619,Worry_4,Sleep_3,unknown,0
620,Worry_4,Sleep_4,u->v,0
621,Worry_4,Sleep_4,v->u,1
622,Worry_4,Sleep_4,undirected,0
623,Worry_4,Sleep_4,none,153
624,Worry_4,Sleep_4,unknown,0
625,Worry_4,Sleep_5,u->v,0
626,Worry_4,Sleep_5,v->u,1
627,Worry_4,Sleep_5,undirected,0
628,Worry_4,Sleep_5,none,153
629,Worry_4,Sleep_5,unknown,0
630,Worry_4,Sleep_6,u->v,0
631,Worry_4,Sleep_6,v->u,2
632,Worry_4,Sleep_6,undirected,0
633,Worry_4,Sleep_6,none,152
634,Worry_4,Sleep_6,unknown,0
635,Worry_4,Sleep_7,u->v,0
636,Worry_4,Sleep_7,v->u,1
637,Worry_4,Sleep_7,undirected,0
638,Worry_4,Sleep_7,none,153
639,Worry_4,Sleep_7,unknown,0
640,Worry_4,L1,u->v,0
641,Worry_4,L1,v->u,17
642,Worry_4,L1,undirected,1
643,Worry_4,L1,none,136
644,Worry_4,L1,unknown,0
645,Worry_4,L2,u->v,0
646,Worry_4,L2,v->u,14
647,Worry_4,L2,undirected,0
648,Worry_4,L2,none,140
649,Worry_4,L2,unknown,0
650,Worry_4,L3,u->v,0
651,Worry_4,L3,v->u,64
652,Worry_4,L3,undirected,0
653,Worry_4,L3,none,90
654,Worry_4,L3,unknown,0
655,Worry_4,L4,u->v,0
656,Worry_4,L4,v->u,14
657,Worry_4,L4,undirected,0
658,Worry_4,L4,none,140
659,Worry_4,L4,unknown,0
660,Worry_4,L5,u->v,0
661,Worry_4,L5,v->u,10
662,Worry_4,L5,undirected,0
663,Worry_4,L5,none,144
664,Worry_4,L5,unknown,0
665,Worry_4,L6,u->v,0
666,Worry_4,L6,v->u,18
667,Worry_4,L6,undirected,0
668,Worry_4,L6,none,136
669,Worry_4,L6,unknown,0
670,Worry_4,L7,u->v,0
671,Worry_4,L7,v->u,19
672,Worry_4,L7,undirected,0
673,Worry_4,L7,none,135
674,Worry_4,L7,unknown,0
675,Worry_4,L8,u->v,0
676,Worry_4,L8,v->u,16
677,Worry_4,L8,undirected,0
678,Worry_4,L8,none,138
679,Worry_4,L8,unknown,0
680,Worry_4,L9,u->v,0
681,Worry_4,L9,v->u,9
682,Worry_4,L9,undirected,0
683,Worry_4,L9,none,145
684,Worry_4,L9,unknown,0
685,Worry_4,L10,u->v,0
686,Worry_4,L10,v->u,5
687,Worry_4,L10,undirected,0
688,Worry_4,L10,none,149
689,Worry_4,L10,unknown,0
690,Worry_5,Worry_6,u->v,2
691,Worry_5,Worry_6,v->u,17
692,Worry_5,Worry_6,undirected,3
693,Worry_5,Worry_6,none,132
694,Worry_5,Worry_6,unknown,0
695,Worry_5,Worry_7,u->v,2
696,Worry_5,Worry_7,v->u,40
697,Worry_5,Worry_7,undirected,2
698,Worry_5,Worry_7,none,110
699,Worry_5,Worry_7,unknown,0
700,Worry_5,Worry_8,u->v,0
701,Worry_5,Worry_8,v->u,4
702,Worry_5,Worry_8,undirected,0
703,Worry_5,Worry_8,none,150
704,Worry_5,Worry_8,unknown,0
705,Worry_5,Worry_9,u->v,0
706,Worry_5,Worry_9,v->u,10
707,Worry_5,Worry_9,undirected,0
708,Worry_5,Worry_9,none,144
709,Worry_5,Worry_9,unknown,0
710,Worry_5,Worry_10,u->v,4
711,Worry_5,Worry_10,v->u,17
712,Worry_5,Worry_10,undirected,2
713,Worry_5,Worry_10,none,131
714,Worry_5,Worry_10,unknown,0
715,Worry_5,MistrustB_1,u->v,5
716,Worry_5,MistrustB_1,v->u,0
717,Worry_5,MistrustB_1,undirected,0
718,Worry_5,MistrustB_1,none,149
719,Worry_5,MistrustB_1,unknown,0
720,Worry_5,MistrustB_2,u->v,4
721,Worry_5,MistrustB_2,v->u,2
722,Worry_5,MistrustB_2,undirected,1
723,Worry_5,MistrustB_2,none,147
724,Worry_5,MistrustB_2,unknown,0
725,Worry_5,MistrustB_3,u->v,4
726,Worry_5,MistrustB_3,v->u,0
727,Worry_5,MistrustB_3,undirected,1
728,Worry_5,MistrustB_3,none,149
729,Worry_5,MistrustB_3,unknown,0
730,Worry_5,MistrustB_4,u->v,6
731,Worry_5,MistrustB_4,v->u,2
732,Worry_5,MistrustB_4,undirected,0
733,Worry_5,MistrustB_4,none,146
734,Worry_5,MistrustB_4,unknown,0
735,Worry_5,MistrustB_5,u->v,6
736,Worry_5,MistrustB_5,v->u,3
737,Worry_5,MistrustB_5,undirected,1
738,Worry_5,MistrustB_5,none,144
739,Worry_5,MistrustB_5,unknown,0
740,Worry_5,MistrustB_6,u->v,9
741,Worry_5,MistrustB_6,v->u,1
742,Worry_5,MistrustB_6,undirected,2
743,Worry_5,MistrustB_6,none,142
744,Worry_5,MistrustB_6,unknown,0
745,Worry_5,MistrustB_7,u->v,9
746,Worry_5,MistrustB_7,v->u,1
747,Worry_5,MistrustB_7,undirected,0
748,Worry_5,MistrustB_7,none,144
749,Worry_5,MistrustB_7,unknown,0
750,Worry_5,MistrustB_8,u->v,8
751,Worry_5,MistrustB_8,v->u,2
752,Worry_5,MistrustB_8,undirected,1
753,Worry_5,MistrustB_8,none,143
754,Worry_5,MistrustB_8,unknown,0
755,Worry_5,MistrustB_9,u->v,5
756,Worry_5,MistrustB_9,v->u,4
757,Worry_5,MistrustB_9,undirected,1
758,Worry_5,MistrustB_9,none,144
759,Worry_5,MistrustB_9,unknown,0
760,Worry_5,MistrustB_10,u->v,3
761,Worry_5,MistrustB_10,v->u,0
762,Worry_5,MistrustB_10,undirected,1
763,Worry_5,MistrustB_10,none,150
764,Worry_5,MistrustB_10,unknown,0
765,Worry_5,Sleep_1,u->v,4
766,Worry_5,Sleep_1,v->u,1
767,Worry_5,Sleep_1,undirected,0
768,Worry_5,Sleep_1,none,149
769,Worry_5,Sleep_1,unknown,0
770,Worry_5,Sleep_2,u->v,4
771,Worry_5,Sleep_2,v->u,5
772,Worry_5,Sleep_2,undirected,0
773,Worry_5,Sleep_2,none,145
774,Worry_5,Sleep_2,unknown,0
775,Worry_5,Sleep_3,u->v,4
776,Worry_5,Sleep_3,v->u,1
777,Worry_5,Sleep_3,undirected,0
778,Worry_5,Sleep_3,none,149
779,Worry_5,Sleep_3,unknown,0
780,Worry_5,Sleep_4,u->v,0
781,Worry_5,Sleep_4,v->u,1
782,Worry_5,Sleep_4,undirected,0
783,Worry_5,Sleep_4,none,153
784,Worry_5,Sleep_4,unknown,0
785,Worry_5,Sleep_5,u->v,1
786,Worry_5,Sleep_5,v->u,3
787,Worry_5,Sleep_5,undirected,0
788,Worry_5,Sleep_5,none,150
789,Worry_5,Sleep_5,unknown,0
790,Worry_5,Sleep_6,u->v,1
791,Worry_5,Sleep_6,v->u,4
792,Worry_5,Sleep_6,undirected,0
793,Worry_5,Sleep_6,none,149
794,Worry_5,Sleep_6,unknown,0
795,Worry_5,Sleep_7,u->v,3
796,Worry_5,Sleep_7,v->u,2
797,Worry_5,Sleep_7,undirected,0
798,Worry_5,Sleep_7,none,149
799,Worry_5,Sleep_7,unknown,0
800,Worry_5,L1,u->v,1
801,Worry_5,L1,v->u,29
802,Worry_5,L1,undirected,3
803,Worry_5,L1,none,121
804,Worry_5,L1,unknown,0
805,Worry_5,L2,u->v,4
806,Worry_5,L2,v->u,16
807,Worry_5,L2,undirected,1
808,Worry_5,L2,none,133
809,Worry_5,L2,unknown,0
810,Worry_5,L3,u->v,1
811,Worry_5,L3,v->u,40
812,Worry_5,L3,undirected,0
813,Worry_5,L3,none,113
814,Worry_5,L3,unknown,0
815,Worry_5,L4,u->v,0
816,Worry_5,L4,v->u,13
817,Worry_5,L4,undirected,0
818,Worry_5,L4,none,141
819,Worry_5,L4,unknown,0
820,Worry_5,L5,u->v,2
821,Worry_5,L5,v->u,36
822,Worry_5,L5,undirected,0
823,Worry_5,L5,none,116
824,Worry_5,L5,unknown,0
825,Worry_5,L6,u->v,1
826,Worry_5,L6,v->u,19
827,Worry_5,L6,undirected,1
828,Worry_5,L6,none,133
829,Worry_5,L6,unknown,0
830,Worry_5,L7,u->v,2
831,Worry_5,L7,v->u,15
832,Worry_5,L7,undirected,1
833,Worry_5,L7,none,136
834,Worry_5,L7,unknown,0
835,Worry_5,L8,u->v,3
836,Worry_5,L8,v->u,10
837,Worry_5,L8,undirected,1
838,Worry_5,L8,none,140
839,Worry_5,L8,unknown,0
840,Worry_5,L9,u->v,1
841,Worry_5,L9,v->u,9
842,Worry_5,L9,undirected,0
843,Worry_5,L9,none,144
844,Worry_5,L9,unknown,0
845,Worry_5,L10,u->v,4
846,Worry_5,L10,v->u,9
847,Worry_5,L10,undirected,0
848,Worry_5,L10,none,141
849,Worry_5,L10,unknown,0
850,Worry_6,Worry_7,u->v,23
851,Worry_6,Worry_7,v->u,19
852,Worry_6,Worry_7,undirected,11
853,Worry_6,Worry_7,none,101
854,Worry_6,Worry_7,unknown,0
855,Worry_6,Worry_8,u->v,2
856,Worry_6,Worry_8,v->u,4
857,Worry_6,Worry_8,undirected,1
858,Worry_6,Worry_8,none,147
859,Worry_6,Worry_8,unknown,0
860,Worry_6,Worry_9,u->v,2
861,Worry_6,Worry_9,v->u,4
862,Worry_6,Worry_9,undirected,1
863,Worry_6,Worry_9,none,147
864,Worry_6,Worry_9,unknown,0
865,Worry_6,Worry_10,u->v,26
866,Worry_6,Worry_10,v->u,8
867,Worry_6,Worry_10,undirected,4
868,Worry_6,Worry_10,none,116
869,Worry_6,Worry_10,unknown,0
870,Worry_6,MistrustB_1,u->v,8
871,Worry_6,MistrustB_1,v->u,0
872,Worry_6,MistrustB_1,undirected,0
873,Worry_6,MistrustB_1,none,146
874,Worry_6,MistrustB_1,unknown,0
875,Worry_6,MistrustB_2,u->v,8
876,Worry_6,MistrustB_2,v->u,5
877,Worry_6,MistrustB_2,undirected,2
878,Worry_6,MistrustB_2,none,139
879,Worry_6,MistrustB_2,unknown,0
880,Worry_6,MistrustB_3,u->v,11
881,Worry_6,MistrustB_3,v->u,0
882,Worry_6,MistrustB_3,undirected,2
883,Worry_6,MistrustB_3,none,141
884,Worry_6,MistrustB_3,unknown,0
885,Worry_6,MistrustB_4,u->v,11
886,Worry_6,MistrustB_4,v->u,1
887,Worry_6,MistrustB_4,undirected,0
888,Worry_6,MistrustB_4,none,142
889,Worry_6,MistrustB_4,unknown,0
890,Worry_6,MistrustB_5,u->v,10
891,Worry_6,MistrustB_5,v->u,2
892,Worry_6,MistrustB_5,undirected,2
893,Worry_6,MistrustB_5,none,140
894,Worry_6,MistrustB_5,unknown,0
895,Worry_6,MistrustB_6,u->v,7
896,Worry_6,MistrustB_6,v->u,2
897,Worry_6,MistrustB_6,undirected,1
898,Worry_6,MistrustB_6,none,144
899,Worry_6,MistrustB_6,unknown,0
900,Worry_6,MistrustB_7,u->v,9
901,Worry_6,MistrustB_7,v->u,1
902,Worry_6,MistrustB_7,undirected,2
903,Worry_6,MistrustB_7,none,142
904,Worry_6,MistrustB_7,unknown,0
905,Worry_6,MistrustB_8,u->v,10
906,Worry_6,MistrustB_8,v->u,3
907,Worry_6,MistrustB_8,undirected,2
908,Worry_6,MistrustB_8,none,139
909,Worry_6,MistrustB_8,unknown,0
910,Worry_6,MistrustB_9,u->v,12
911,Worry_6,MistrustB_9,v->u,8
912,Worry_6,MistrustB_9,undirected,3
913,Worry_6,MistrustB_9,none,131
914,Worry_6,MistrustB_9,unknown,0
915,Worry_6,MistrustB_10,u->v,7
916,Worry_6,MistrustB_10,v->u,3
917,Worry_6,MistrustB_10,undirected,1
918,Worry_6,MistrustB_10,none,143
919,Worry_6,MistrustB_10,unknown,0
920,Worry_6,Sleep_1,u->v,37
921,Worry_6,Sleep_1,v->u,2
922,Worry_6,Sleep_1,undirected,1
923,Worry_6,Sleep_1,none,114
924,Worry_6,Sleep_1,unknown,0
925,Worry_6,Sleep_2,u->v,33
926,Worry_6,Sleep_2,v->u,3
927,Worry_6,Sleep_2,undirected,5
928,Worry_6,Sleep_2,none,113
929,Worry_6,Sleep_2,unknown,0
930,Worry_6,Sleep_3,u->v,38
931,Worry_6,Sleep_3,v->u,11
932,Worry_6,Sleep_3,undirected,1
933,Worry_6,Sleep_3,none,104
934,Worry_6,Sleep_3,unknown,0
935,Worry_6,Sleep_4,u->v,19
936,Worry_6,Sleep_4,v->u,7
937,Worry_6,Sleep_4,undirected,2
938,Worry_6,Sleep_4,none,126
939,Worry_6,Sleep_4,unknown,0
940,Worry_6,Sleep_5,u->v,18
941,Worry_6,Sleep_5,v->u,2
942,Worry_6,Sleep_5,undirected,2
943,Worry_6,Sleep_5,none,132
944,Worry_6,Sleep_5,unknown,0
945,Worry_6,Sleep_6,u->v,19
946,Worry_6,Sleep_6,v->u,2
947,Worry_6,Sleep_6,undirected,2
948,Worry_6,Sleep_6,none,131
949,Worry_6,Sleep_6,unknown,0
950,Worry_6,Sleep_7,u->v,26
951,Worry_6,Sleep_7,v->u,2
952,Worry_6,Sleep_7,undirected,3
953,Worry_6,Sleep_7,none,123
954,Worry_6,Sleep_7,unknown,0
955,Worry_6,L1,u->v,5
956,Worry_6,L1,v->u,42
957,Worry_6,L1,undirected,6
958,Worry_6,L1,none,101
959,Worry_6,L1,unknown,0
960,Worry_6,L2,u->v,7
961,Worry_6,L2,v->u,26
962,Worry_6,L2,undirected,4
963,Worry_6,L2,none,117
964,Worry_6,L2,unknown,0
965,Worry_6,L3,u->v,7
966,Worry_6,L3,v->u,30
967,Worry_6,L3,undirected,3
968,Worry_6,L3,none,114
969,Worry_6,L3,unknown,0
970,Worry_6,L4,u->v,1
971,Worry_6,L4,v->u,9
972,Worry_6,L4,undirected,4
973,Worry_6,L4,none,140
974,Worry_6,L4,unknown,0
975,Worry_6,L5,u->v,13
976,Worry_6,L5,v->u,9
977,Worry_6,L5,undirected,4
978,Worry_6,L5,none,128
979,Worry_6,L5,unknown,0
980,Worry_6,L6,u->v,2
981,Worry_6,L6,v->u,21
982,Worry_6,L6,undirected,2
983,Worry_6,L6,none,129
984,Worry_6,L6,unknown,0
985,Worry_6,L7,u->v,4
986,Worry_6,L7,v->u,21
987,Worry_6,L7,undirected,1
988,Worry_6,L7,none,128
989,Worry_6,L7,unknown,0
990,Worry_6,L8,u->v,5
991,Worry_6,L8,v->u,3
992,Worry_6,L8,undirected,1
993,Worry_6,L8,none,145
994,Worry_6,L8,unknown,0
995,Worry_6,L9,u->v,2
996,Worry_6,L9,v->u,13
997,Worry_6,L9,undirected,3
998,Worry_6,L9,none,136
999,Worry_6,L9,unknown,0
1000,Worry_6,L10,u->v,7
1001,Worry_6,L10,v->u,19
1002,Worry_6,L10,undirected,7
1003,Worry_6,L10,none,121
1004,Worry_6,L10,unknown,0
1005,Worry_7,Worry_8,u->v,121
1006,Worry_7,Worry_8,v->u,2
1007,Worry_7,Worry_8,undirected,0
1008,Worry_7,Worry_8,none,31
1009,Worry_7,Worry_8,unknown,0
1010,Worry_7,Worry_9,u->v,120
1011,Worry_7,Worry_9,v->u,6
1012,Worry_7,Worry_9,undirected,2
1013,Worry_7,Worry_9,none,26
1014,Worry_7,Worry_9,unknown,0
1015,Worry_7,Worry_10,u->v,39
1016,Worry_7,Worry_10,v->u,13
1017,Worry_7,Worry_10,undirected,2
1018,Worry_7,Worry_10,none,100
1019,Worry_7,Worry_10,unknown,0
1020,Worry_7,MistrustB_1,u->v,8
1021,Worry_7,MistrustB_1,v->u,1
1022,Worry_7,MistrustB_1,undirected,2
1023,Worry_7,MistrustB_1,none,143
1024,Worry_7,MistrustB_1,unknown,0
1025,Worry_7,MistrustB_2,u->v,10
1026,Worry_7,MistrustB_2,v->u,1
1027,Worry_7,MistrustB_2,undirected,1
1028,Worry_7,MistrustB_2,none,142
1029,Worry_7,MistrustB_2,unknown,0
1030,Worry_7,MistrustB_3,u->v,13
1031,Worry_7,MistrustB_3,v->u,1
1032,Worry_7,MistrustB_3,undirected,6
1033,Worry_7,MistrustB_3,none,134
1034,Worry_7,MistrustB_3,unknown,0
1035,Worry_7,MistrustB_4,u->v,9
1036,Worry_7,MistrustB_4,v->u,1
1037,Worry_7,MistrustB_4,undirected,0
1038,Worry_7,MistrustB_4,none,144
1039,Worry_7,MistrustB_4,unknown,0
1040,Worry_7,MistrustB_5,u->v,11
1041,Worry_7,MistrustB_5,v->u,4
1042,Worry_7,MistrustB_5,undirected,3
1043,Worry_7,MistrustB_5,none,136
1044,Worry_7,MistrustB_5,unknown,0
1045,Worry_7,MistrustB_6,u->v,7
1046,Worry_7,MistrustB_6,v->u,2
1047,Worry_7,MistrustB_6,undirected,1
1048,Worry_7,MistrustB_6,none,144
1049,Worry_7,MistrustB_6,unknown,0
1050,Worry_7,MistrustB_7,u->v,6
1051,Worry_7,MistrustB_7,v->u,0
1052,Worry_7,MistrustB_7,undirected,2
1053,Worry_7,MistrustB_7,none,146
1054,Worry_7,MistrustB_7,unknown,0
1055,Worry_7,MistrustB_8,u->v,12
1056,Worry_7,MistrustB_8,v->u,3
1057,Worry_7,MistrustB_8,undirected,0
1058,Worry_7,MistrustB_8,none,139
1059,Worry_7,MistrustB_8,unknown,0
1060,Worry_7,MistrustB_9,u->v,9
1061,Worry_7,MistrustB_9,v->u,9
1062,Worry_7,MistrustB_9,undirected,2
1063,Worry_7,MistrustB_9,none,134
1064,Worry_7,MistrustB_9,unknown,0
1065,Worry_7,MistrustB_10,u->v,10
1066,Worry_7,MistrustB_10,v->u,0
1067,Worry_7,MistrustB_10,undirected,0
1068,Worry_7,MistrustB_10,none,144
1069,Worry_7,MistrustB_10,unknown,0
1070,Worry_7,Sleep_1,u->v,16
1071,Worry_7,Sleep_1,v->u,1
1072,Worry_7,Sleep_1,undirected,0
1073,Worry_7,Sleep_1,none,137
1074,Worry_7,Sleep_1,unknown,0
1075,Worry_7,Sleep_2,u->v,16
1076,Worry_7,Sleep_2,v->u,1
1077,Worry_7,Sleep_2,undirected,1
1078,Worry_7,Sleep_2,none,136
1079,Worry_7,Sleep_2,unknown,0
1080,Worry_7,Sleep_3,u->v,27
1081,Worry_7,Sleep_3,v->u,7
1082,Worry_7,Sleep_3,undirected,1
1083,Worry_7,Sleep_3,none,119
1084,Worry_7,Sleep_3,unknown,0
1085,Worry_7,Sleep_4,u->v,38
1086,Worry_7,Sleep_4,v->u,1
1087,Worry_7,Sleep_4,undirected,4
1088,Worry_7,Sleep_4,none,111
1089,Worry_7,Sleep_4,unknown,0
1090,Worry_7,Sleep_5,u->v,34
1091,Worry_7,Sleep_5,v->u,2
1092,Worry_7,Sleep_5,undirected,4
1093,Worry_7,Sleep_5,none,114
1094,Worry_7,Sleep_5,unknown,0
1095,Worry_7,Sleep_6,u->v,34
1096,Worry_7,Sleep_6,v->u,2
1097,Worry_7,Sleep_6,undirected,1
1098,Worry_7,Sleep_6,none,117
1099,Worry_7,Sleep_6,unknown,0
1100,Worry_7,Sleep_7,u->v,13
1101,Worry_7,Sleep_7,v->u,5
1102,Worry_7,Sleep_7,undirected,0
1103,Worry_7,Sleep_7,none,136
1104,Worry_7,Sleep_7,unknown,0
1105,Worry_7,L1,u->v,5
1106,Worry_7,L1,v->u,60
1107,Worry_7,L1,undirected,2
1108,Worry_7,L1,none,87
1109,Worry_7,L1,unknown,0
1110,Worry_7,L2,u->v,4
1111,Worry_7,L2,v->u,15
1112,Worry_7,L2,undirected,0
1113,Worry_7,L2,none,135
1114,Worry_7,L2,unknown,0
1115,Worry_7,L3,u->v,8
1116,Worry_7,L3,v->u,39
1117,Worry_7,L3,undirected,0
1118,Worry_7,L3,none,107
1119,Worry_7,L3,unknown,0
1120,Worry_7,L4,u->v,0
1121,Worry_7,L4,v->u,8
1122,Worry_7,L4,undirected,1
1123,Worry_7,L4,none,145
1124,Worry_7,L4,unknown,0
1125,Worry_7,L5,u->v,7
1126,Worry_7,L5,v->u,10
1127,Worry_7,L5,undirected,0
1128,Worry_7,L5,none,137
1129,Worry_7,L5,unknown,0
1130,Worry_7,L6,u->v,8
1131,Worry_7,L6,v->u,22
1132,Worry_7,L6,undirected,2
1133,Worry_7,L6,none,122
1134,Worry_7,L6,unknown,0
1135,Worry_7,L7,u->v,8
1136,Worry_7,L7,v->u,21
1137,Worry_7,L7,undirected,0
1138,Worry_7,L7,none,125
1139,Worry_7,L7,unknown,0
1140,Worry_7,L8,u->v,7
1141,Worry_7,L8,v->u,5
1142,Worry_7,L8,undirected,0
1143,Worry_7,L8,none,142
1144,Worry_7,L8,unknown,0
1145,Worry_7,L9,u->v,5
1146,Worry_7,L9,v->u,16
1147,Worry_7,L9,undirected,1
1148,Worry_7,L9,none,132
1149,Worry_7,L9,unknown,0
1150,Worry_7,L10,u->v,5
1151,Worry_7,L10,v->u,9
1152,Worry_7,L10,undirected,1
1153,Worry_7,L10,none,139
1154,Worry_7,L10,unknown,0
1155,Worry_8,Worry_9,u->v,1
1156,Worry_8,Worry_9,v->u,7
1157,Worry_8,Worry_9,undirected,1
1158,Worry_8,Worry_9,none,145
1159,Worry_8,Worry_9,unknown,0
1160,Worry_8,Worry_10,u->v,2
1161,Worry_8,Worry_10,v->u,34
1162,Worry_8,Worry_10,undirected,0
1163,Worry_8,Worry_10,none,118
1164,Worry_8,Worry_10,unknown,0
1165,Worry_8,MistrustB_1,u->v,5
1166,Worry_8,MistrustB_1,v->u,0
1167,Worry_8,MistrustB_1,undirected,0
1168,Worry_8,MistrustB_1,none,149
1169,Worry_8,MistrustB_1,unknown,0
1170,Worry_8,MistrustB_2,u->v,5
1171,Worry_8,MistrustB_2,v->u,0
1172,Worry_8,MistrustB_2,undirected,0
1173,Worry_8,MistrustB_2,none,149
1174,Worry_8,MistrustB_2,unknown,0
1175,Worry_8,MistrustB_3,u->v,5
1176,Worry_8,MistrustB_3,v->u,0
1177,Worry_8,MistrustB_3,undirected,0
1178,Worry_8,MistrustB_3,none,149
1179,Worry_8,MistrustB_3,unknown,0
1180,Worry_8,MistrustB_4,u->v,5
1181,Worry_8,MistrustB_4,v->u,0
1182,Worry_8,MistrustB_4,undirected,0
1183,Worry_8,MistrustB_4,none,149
1184,Worry_8,MistrustB_4,unknown,0
1185,Worry_8,MistrustB_5,u->v,8
1186,Worry_8,MistrustB_5,v->u,0
1187,Worry_8,MistrustB_5,undirected,0
1188,Worry_8,MistrustB_5,none,146
1189,Worry_8,MistrustB_5,unknown,0
1190,Worry_8,MistrustB_6,u->v,5
1191,Worry_8,MistrustB_6,v->u,0
1192,Worry_8,MistrustB_6,undirected,0
1193,Worry_8,MistrustB_6,none,149
1194,Worry_8,MistrustB_6,unknown,0
1195,Worry_8,MistrustB_7,u->v,6
1196,Worry_8,MistrustB_7,v->u,0
1197,Worry_8,MistrustB_7,undirected,0
1198,Worry_8,MistrustB_7,none,148
1199,Worry_8,MistrustB_7,unknown,0
1200,Worry_8,MistrustB_8,u->v,4
1201,Worry_8,MistrustB_8,v->u,0
1202,Worry_8,MistrustB_8,undirected,0
1203,Worry_8,MistrustB_8,none,150
1204,Worry_8,MistrustB_8,unknown,0
1205,Worry_8,MistrustB_9,u->v,6
1206,Worry_8,MistrustB_9,v->u,0
1207,Worry_8,MistrustB_9,undirected,0
1208,Worry_8,MistrustB_9,none,148
1209,Worry_8,MistrustB_9,unknown,0
1210,Worry_8,MistrustB_10,u->v,3
1211,Worry_8,MistrustB_10,v->u,0
1212,Worry_8,MistrustB_10,undirected,0
1213,Worry_8,MistrustB_10,none,151
1214,Worry_8,MistrustB_10,unknown,0
1215,Worry_8,Sleep_1,u->v,4
1216,Worry_8,Sleep_1,v->u,1
1217,Worry_8,Sleep_1,undirected,0
1218,Worry_8,Sleep_1,none,149
1219,Worry_8,Sleep_1,unknown,0
1220,Worry_8,Sleep_2,u->v,5
1221,Worry_8,Sleep_2,v->u,0
1222,Worry_8,Sleep_2,undirected,0
1223,Worry_8,Sleep_2,none,149
1224,Worry_8,Sleep_2,unknown,0
1225,Worry_8,Sleep_3,u->v,6
1226,Worry_8,Sleep_3,v->u,0
1227,Worry_8,Sleep_3,undirected,0
1228,Worry_8,Sleep_3,none,148
1229,Worry_8,Sleep_3,unknown,0
1230,Worry_8,Sleep_4,u->v,11
1231,Worry_8,Sleep_4,v->u,0
1232,Worry_8,Sleep_4,undirected,0
1233,Worry_8,Sleep_4,none,143
1234,Worry_8,Sleep_4,unknown,0
1235,Worry_8,Sleep_5,u->v,10
1236,Worry_8,Sleep_5,v->u,0
1237,Worry_8,Sleep_5,undirected,0
1238,Worry_8,Sleep_5,none,144
1239,Worry_8,Sleep_5,unknown,0
1240,Worry_8,Sleep_6,u->v,9
1241,Worry_8,Sleep_6,v->u,0
1242,Worry_8,Sleep_6,undirected,0
1243,Worry_8,Sleep_6,none,145
1244,Worry_8,Sleep_6,unknown,0
1245,Worry_8,Sleep_7,u->v,5
1246,Worry_8,Sleep_7,v->u,0
1247,Worry_8,Sleep_7,undirected,0
1248,Worry_8,Sleep_7,none,149
1249,Worry_8,Sleep_7,unknown,0
1250,Worry_8,L1,u->v,0
1251,Worry_8,L1,v->u,1
1252,Worry_8,L1,undirected,0
1253,Worry_8,L1,none,153
1254,Worry_8,L1,unknown,0
1255,Worry_8,L2,u->v,0
1256,Worry_8,L2,v->u,1
1257,Worry_8,L2,undirected,1
1258,Worry_8,L2,none,152
1259,Worry_8,L2,unknown,0
1260,Worry_8,L3,u->v,0
1261,Worry_8,L3,v->u,10
1262,Worry_8,L3,undirected,0
1263,Worry_8,L3,none,144
1264,Worry_8,L3,unknown,0
1265,Worry_8,L4,u->v,0
1266,Worry_8,L4,v->u,4
1267,Worry_8,L4,undirected,0
1268,Worry_8,L4,none,150
1269,Worry_8,L4,unknown,0
1270,Worry_8,L5,u->v,1
1271,Worry_8,L5,v->u,133
1272,Worry_8,L5,undirected,0
1273,Worry_8,L5,none,20
1274,Worry_8,L5,unknown,0
1275,Worry_8,L6,u->v,0
1276,Worry_8,L6,v->u,6
1277,Worry_8,L6,undirected,0
1278,Worry_8,L6,none,148
1279,Worry_8,L6,unknown,0
1280,Worry_8,L7,u->v,0
1281,Worry_8,L7,v->u,1
1282,Worry_8,L7,undirected,0
1283,Worry_8,L7,none,153
1284,Worry_8,L7,unknown,0
1285,Worry_8,L8,u->v,0
1286,Worry_8,L8,v->u,0
1287,Worry_8,L8,undirected,0
1288,Worry_8,L8,none,154
1289,Worry_8,L8,unknown,0
1290,Worry_8,L9,u->v,0
1291,Worry_8,L9,v->u,2
1292,Worry_8,L9,undirected,0
1293,Worry_8,L9,none,152
1294,Worry_8,L9,unknown,0
1295,Worry_8,L10,u->v,0
1296,Worry_8,L10,v->u,0
1297,Worry_8,L10,undirected,1
1298,Worry_8,L10,none,153
1299,Worry_8,L10,unknown,0
1300,Worry_9,Worry_10,u->v,6
1301,Worry_9,Worry_10,v->u,34
1302,Worry_9,Worry_10,undirected,1
1303,Worry_9,Worry_10,none,113
1304,Worry_9,Worry_10,unknown,0
1305,Worry_9,MistrustB_1,u->v,13
1306,Worry_9,MistrustB_1,v->u,0
1307,Worry_9,MistrustB_1,undirected,1
1308,Worry_9,MistrustB_1,none,140
1309,Worry_9,MistrustB_1,unknown,0
1310,Worry_9,MistrustB_2,u->v,16
1311,Worry_9,MistrustB_2,v->u,0
1312,Worry_9,MistrustB_2,undirected,0
1313,Worry_9,MistrustB_2,none,138
1314,Worry_9,MistrustB_2,unknown,0
1315,Worry_9,MistrustB_3,u->v,13
1316,Worry_9,MistrustB_3,v->u,0
1317,Worry_9,MistrustB_3,undirected,0
1318,Worry_9,MistrustB_3,none,141
1319,Worry_9,MistrustB_3,unknown,0
1320,Worry_9,MistrustB_4,u->v,14
1321,Worry_9,MistrustB_4,v->u,0
1322,Worry_9,MistrustB_4,undirected,1
1323,Worry_9,MistrustB_4,none,139
1324,Worry_9,MistrustB_4,unknown,0
1325,Worry_9,MistrustB_5,u->v,15
1326,Worry_9,MistrustB_5,v->u,0
1327,Worry_9,MistrustB_5,undirected,0
1328,Worry_9,MistrustB_5,none,139
1329,Worry_9,MistrustB_5,unknown,0
1330,Worry_9,MistrustB_6,u->v,14
1331,Worry_9,MistrustB_6,v->u,0
1332,Worry_9,MistrustB_6,undirected,0
1333,Worry_9,MistrustB_6,none,140
1334,Worry_9,MistrustB_6,unknown,0
1335,Worry_9,MistrustB_7,u->v,14
1336,Worry_9,MistrustB_7,v->u,0
1337,Worry_9,MistrustB_7,undirected,0
1338,Worry_9,MistrustB_7,none,140
1339,Worry_9,MistrustB_7,unknown,0
1340,Worry_9,MistrustB_8,u->v,19
1341,Worry_9,MistrustB_8,v->u,0
1342,Worry_9,MistrustB_8,undirected,1
1343,Worry_9,MistrustB_8,none,134
1344,Worry_9,MistrustB_8,unknown,0
1345,Worry_9,MistrustB_9,u->v,14
1346,Worry_9,MistrustB_9,v->u,0
1347,Worry_9,MistrustB_9,undirected,1
1348,Worry_9,MistrustB_9,none,139
1349,Worry_9,MistrustB_9,unknown,0
1350,Worry_9,MistrustB_10,u->v,16
1351,Worry_9,MistrustB_10,v->u,0
1352,Worry_9,MistrustB_10,undirected,0
1353,Worry_9,MistrustB_10,none,138
1354,Worry_9,MistrustB_10,unknown,0
1355,Worry_9,Sleep_1,u->v,7
1356,Worry_9,Sleep_1,v->u,2
1357,Worry_9,Sleep_1,undirected,0
1358,Worry_9,Sleep_1,none,145
1359,Worry_9,Sleep_1,unknown,0
1360,Worry_9,Sleep_2,u->v,5
1361,Worry_9,Sleep_2,v->u,1
1362,Worry_9,Sleep_2,undirected,0
1363,Worry_9,Sleep_2,none,148
1364,Worry_9,Sleep_2,unknown,0
1365,Worry_9,Sleep_3,u->v,10
1366,Worry_9,Sleep_3,v->u,0
1367,Worry_9,Sleep_3,undirected,0
1368,Worry_9,Sleep_3,none,144
1369,Worry_9,Sleep_3,unknown,0
1370,Worry_9,Sleep_4,u->v,4
1371,Worry_9,Sleep_4,v->u,0
1372,Worry_9,Sleep_4,undirected,0
1373,Worry_9,Sleep_4,none,150
1374,Worry_9,Sleep_4,unknown,0
1375,Worry_9,Sleep_5,u->v,7
1376,Worry_9,Sleep_5,v->u,0
1377,Worry_9,Sleep_5,undirected,0
1378,Worry_9,Sleep_5,none,147
1379,Worry_9,Sleep_5,unknown,0
1380,Worry_9,Sleep_6,u->v,9
1381,Worry_9,Sleep_6,v->u,0
1382,Worry_9,Sleep_6,undirected,0
1383,Worry_9,Sleep_6,none,145
1384,Worry_9,Sleep_6,unknown,0
1385,Worry_9,Sleep_7,u->v,7
1386,Worry_9,Sleep_7,v->u,0
1387,Worry_9,Sleep_7,undirected,0
1388,Worry_9,Sleep_7,none,147
1389,Worry_9,Sleep_7,unknown,0
1390,Worry_9,L1,u->v,0
1391,Worry_9,L1,v->u,5
1392,Worry_9,L1,undirected,0
1393,Worry_9,L1,none,149
1394,Worry_9,L1,unknown,0
1395,Worry_9,L2,u->v,1
1396,Worry_9,L2,v->u,1
1397,Worry_9,L2,undirected,0
1398,Worry_9,L2,none,152
1399,Worry_9,L2,unknown,0
1400,Worry_9,L3,u->v,1
1401,Worry_9,L3,v->u,5
1402,Worry_9,L3,undirected,1
1403,Worry_9,L3,none,147
1404,Worry_9,L3,unknown,0
1405,Worry_9,L4,u->v,0
1406,Worry_9,L4,v->u,3
1407,Worry_9,L4,undirected,0
1408,Worry_9,L4,none,151
1409,Worry_9,L4,unknown,0
1410,Worry_9,L5,u->v,0
1411,Worry_9,L5,v->u,135
1412,Worry_9,L5,undirected,0
1413,Worry_9,L5,none,19
1414,Worry_9,L5,unknown,0
1415,Worry_9,L6,u->v,3
1416,Worry_9,L6,v->u,5
1417,Worry_9,L6,undirected,0
1418,Worry_9,L6,none,146
1419,Worry_9,L6,unknown,0
1420,Worry_9,L7,u->v,1
1421,Worry_9,L7,v->u,0
1422,Worry_9,L7,undirected,0
1423,Worry_9,L7,none,153
1424,Worry_9,L7,unknown,0
1425,Worry_9,L8,u->v,0
1426,Worry_9,L8,v->u,0
1427,Worry_9,L8,undirected,0
1428,Worry_9,L8,none,154
1429,Worry_9,L8,unknown,0
1430,Worry_9,L9,u->v,2
1431,Worry_9,L9,v->u,3
1432,Worry_9,L9,undirected,0
1433,Worry_9,L9,none,149
1434,Worry_9,L9,unknown,0
1435,Worry_9,L10,u->v,0
1436,Worry_9,L10,v->u,0
1437,Worry_9,L10,undirected,0
1438,Worry_9,L10,none,154
1439,Worry_9,L10,unknown,0
1440,Worry_10,MistrustB_1,u->v,5
1441,Worry_10,MistrustB_1,v->u,0
1442,Worry_10,MistrustB_1,undirected,0
1443,Worry_10,MistrustB_1,none,149
1444,Worry_10,MistrustB_1,unknown,0
1445,Worry_10,MistrustB_2,u->v,5
1446,Worry_10,MistrustB_2,v->u,2
1447,Worry_10,MistrustB_2,undirected,1
1448,Worry_10,MistrustB_2,none,146
1449,Worry_10,MistrustB_2,unknown,0
1450,Worry_10,MistrustB_3,u->v,9
1451,Worry_10,MistrustB_3,v->u,0
1452,Worry_10,MistrustB_3,undirected,1
1453,Worry_10,MistrustB_3,none,144
1454,Worry_10,MistrustB_3,unknown,0
1455,Worry_10,MistrustB_4,u->v,5
1456,Worry_10,MistrustB_4,v->u,2
1457,Worry_10,MistrustB_4,undirected,1
1458,Worry_10,MistrustB_4,none,146
1459,Worry_10,MistrustB_4,unknown,0
1460,Worry_10,MistrustB_5,u->v,7
1461,Worry_10,MistrustB_5,v->u,6
1462,Worry_10,MistrustB_5,undirected,2
1463,Worry_10,MistrustB_5,none,139
1464,Worry_10,MistrustB_5,unknown,0
1465,Worry_10,MistrustB_6,u->v,4
1466,Worry_10,MistrustB_6,v->u,1
1467,Worry_10,MistrustB_6,undirected,0
1468,Worry_10,MistrustB_6,none,149
1469,Worry_10,MistrustB_6,unknown,0
1470,Worry_10,MistrustB_7,u->v,7
1471,Worry_10,MistrustB_7,v->u,1
1472,Worry_10,MistrustB_7,undirected,0
1473,Worry_10,MistrustB_7,none,146
1474,Worry_10,MistrustB_7,unknown,0
1475,Worry_10,MistrustB_8,u->v,4
1476,Worry_10,MistrustB_8,v->u,2
1477,Worry_10,MistrustB_8,undirected,1
1478,Worry_10,MistrustB_8,none,147
1479,Worry_10,MistrustB_8,unknown,0
1480,Worry_10,MistrustB_9,u->v,5
1481,Worry_10,MistrustB_9,v->u,7
1482,Worry_10,MistrustB_9,undirected,0
1483,Worry_10,MistrustB_9,none,142
1484,Worry_10,MistrustB_9,unknown,0
1485,Worry_10,MistrustB_10,u->v,4
1486,Worry_10,MistrustB_10,v->u,0
1487,Worry_10,MistrustB_10,undirected,0
1488,Worry_10,MistrustB_10,none,150
1489,Worry_10,MistrustB_10,unknown,0
1490,Worry_10,Sleep_1,u->v,9
1491,Worry_10,Sleep_1,v->u,2
1492,Worry_10,Sleep_1,undirected,1
1493,Worry_10,Sleep_1,none,142
1494,Worry_10,Sleep_1,unknown,0
1495,Worry_10,Sleep_2,u->v,6
1496,Worry_10,Sleep_2,v->u,3
1497,Worry_10,Sleep_2,undirected,1
1498,Worry_10,Sleep_2,none,144
1499,Worry_10,Sleep_2,unknown,0
1500,Worry_10,Sleep_3,u->v,12
1501,Worry_10,Sleep_3,v->u,11
1502,Worry_10,Sleep_3,undirected,1
1503,Worry_10,Sleep_3,none,130
1504,Worry_10,Sleep_3,unknown,0
1505,Worry_10,Sleep_4,u->v,8
1506,Worry_10,Sleep_4,v->u,6
1507,Worry_10,Sleep_4,undirected,1
1508,Worry_10,Sleep_4,none,139
1509,Worry_10,Sleep_4,unknown,0
1510,Worry_10,Sleep_5,u->v,6
1511,Worry_10,Sleep_5,v->u,2
1512,Worry_10,Sleep_5,undirected,0
1513,Worry_10,Sleep_5,none,146
1514,Worry_10,Sleep_5,unknown,0
1515,Worry_10,Sleep_6,u->v,11
1516,Worry_10,Sleep_6,v->u,3
1517,Worry_10,Sleep_6,undirected,1
1518,Worry_10,Sleep_6,none,139
1519,Worry_10,Sleep_6,unknown,0
1520,Worry_10,Sleep_7,u->v,9
1521,Worry_10,Sleep_7,v->u,2
1522,Worry_10,Sleep_7,undirected,2
1523,Worry_10,Sleep_7,none,141
1524,Worry_10,Sleep_7,unknown,0
1525,Worry_10,L1,u->v,2
1526,Worry_10,L1,v->u,27
1527,Worry_10,L1,undirected,2
1528,Worry_10,L1,none,123
1529,Worry_10,L1,unknown,0
1530,Worry_10,L2,u->v,3
1531,Worry_10,L2,v->u,26
1532,Worry_10,L2,undirected,0
1533,Worry_10,L2,none,125
1534,Worry_10,L2,unknown,0
1535,Worry_10,L3,u->v,0
1536,Worry_10,L3,v->u,39
1537,Worry_10,L3,undirected,2
1538,Worry_10,L3,none,113
1539,Worry_10,L3,unknown,0
1540,Worry_10,L4,u->v,0
1541,Worry_10,L4,v->u,8
1542,Worry_10,L4,undirected,1
1543,Worry_10,L4,none,145
1544,Worry_10,L4,unknown,0
1545,Worry_10,L5,u->v,5
1546,Worry_10,L5,v->u,23
1547,Worry_10,L5,undirected,0
1548,Worry_10,L5,none,126
1549,Worry_10,L5,unknown,0
1550,Worry_10,L6,u->v,6
1551,Worry_10,L6,v->u,28
1552,Worry_10,L6,undirected,3
1553,Worry_10,L6,none,117
1554,Worry_10,L6,unknown,0
1555,Worry_10,L7,u->v,2
1556,Worry_10,L7,v->u,15
1557,Worry_10,L7,undirected,2
1558,Worry_10,L7,none,135
1559,Worry_10,L7,unknown,0
1560,Worry_10,L8,u->v,2
1561,Worry_10,L8,v->u,5
1562,Worry_10,L8,undirected,1
1563,Worry_10,L8,none,146
1564,Worry_10,L8,unknown,0
1565,Worry_10,L9,u->v,5
1566,Worry_10,L9,v->u,19
1567,Worry_10,L9,undirected,1
1568,Worry_10,L9,none,129
1569,Worry_10,L9,unknown,0
1570,Worry_10,L10,u->v,3
1571,Worry_10,L10,v->u,14
1572,Worry_10,L10,undirected,0
1573,Worry_10,L10,none,137
1574,Worry_10,L10,unknown,0
1575,MistrustB_1,MistrustB_2,u->v,12
1576,MistrustB_1,MistrustB_2,v->u,5
1577,MistrustB_1,MistrustB_2,undirected,1
1578,MistrustB_1,MistrustB_2,none,136
1579,MistrustB_1,MistrustB_2,unknown,0
1580,MistrustB_1,MistrustB_3,u->v,2
1581,MistrustB_1,MistrustB_3,v->u,6
1582,MistrustB_1,MistrustB_3,undirected,0
1583,MistrustB_1,MistrustB_3,none,146
1584,MistrustB_1,MistrustB_3,unknown,0
1585,MistrustB_1,MistrustB_4,u->v,8
1586,MistrustB_1,MistrustB_4,v->u,2
1587,MistrustB_1,MistrustB_4,undirected,0
1588,MistrustB_1,MistrustB_4,none,144
1589,MistrustB_1,MistrustB_4,unknown,0
1590,MistrustB_1,MistrustB_5,u->v,4
1591,MistrustB_1,MistrustB_5,v->u,4
1592,MistrustB_1,MistrustB_5,undirected,0
1593,MistrustB_1,MistrustB_5,none,146
1594,MistrustB_1,MistrustB_5,unknown,0
1595,MistrustB_1,MistrustB_6,u->v,7
1596,MistrustB_1,MistrustB_6,v->u,7
1597,MistrustB_1,MistrustB_6,undirected,0
1598,MistrustB_1,MistrustB_6,none,140
1599,MistrustB_1,MistrustB_6,unknown,0
1600,MistrustB_1,MistrustB_7,u->v,2
1601,MistrustB_1,MistrustB_7,v->u,13
1602,MistrustB_1,MistrustB_7,undirected,0
1603,MistrustB_1,MistrustB_7,none,139
1604,MistrustB_1,MistrustB_7,unknown,0
1605,MistrustB_1,MistrustB_8,u->v,2
1606,MistrustB_1,MistrustB_8,v->u,6
1607,MistrustB_1,MistrustB_8,undirected,1
1608,MistrustB_1,MistrustB_8,none,145
1609,MistrustB_1,MistrustB_8,unknown,0
1610,MistrustB_1,MistrustB_9,u->v,1
1611,MistrustB_1,MistrustB_9,v->u,19
1612,MistrustB_1,MistrustB_9,undirected,1
1613,MistrustB_1,MistrustB_9,none,133
1614,MistrustB_1,MistrustB_9,unknown,0
1615,MistrustB_1,MistrustB_10,u->v,4
1616,MistrustB_1,MistrustB_10,v->u,10
1617,MistrustB_1,MistrustB_10,undirected,0
1618,MistrustB_1,MistrustB_10,none,140
1619,MistrustB_1,MistrustB_10,unknown,0
1620,MistrustB_1,Sleep_1,u->v,0
1621,MistrustB_1,Sleep_1,v->u,2
1622,MistrustB_1,Sleep_1,undirected,0
1623,MistrustB_1,Sleep_1,none,152
1624,MistrustB_1,Sleep_1,unknown,0
1625,MistrustB_1,Sleep_2,u->v,0
1626,MistrustB_1,Sleep_2,v->u,2
1627,MistrustB_1,Sleep_2,undirected,0
1628,MistrustB_1,Sleep_2,none,152
1629,MistrustB_1,Sleep_2,unknown,0
1630,MistrustB_1,Sleep_3,u->v,0
1631,MistrustB_1,Sleep_3,v->u,1
1632,MistrustB_1,Sleep_3,undirected,0
1633,MistrustB_1,Sleep_3,none,153
1634,MistrustB_1,Sleep_3,unknown,0
1635,MistrustB_1,Sleep_4,u->v,0
1636,MistrustB_1,Sleep_4,v->u,1
1637,MistrustB_1,Sleep_4,undirected,0
1638,MistrustB_1,Sleep_4,none,153
1639,MistrustB_1,Sleep_4,unknown,0
1640,MistrustB_1,Sleep_5,u->v,0
1641,MistrustB_1,Sleep_5,v->u,4
1642,MistrustB_1,Sleep_5,undirected,0
1643,MistrustB_1,Sleep_5,none,150
1644,MistrustB_1,Sleep_5,unknown,0
1645,MistrustB_1,Sleep_6,u->v,0
1646,MistrustB_1,Sleep_6,v->u,1
1647,MistrustB_1,Sleep_6,undirected,0
1648,MistrustB_1,Sleep_6,none,153
1649,MistrustB_1,Sleep_6,unknown,0
1650,MistrustB_1,Sleep_7,u->v,0
1651,MistrustB_1,Sleep_7,v->u,3
1652,MistrustB_1,Sleep_7,undirected,0
1653,MistrustB_1,Sleep_7,none,151
1654,MistrustB_1,Sleep_7,unknown,0
1655,MistrustB_1,L1,u->v,0
1656,MistrustB_1,L1,v->u,5
1657,MistrustB_1,L1,undirected,0
1658,MistrustB_1,L1,none,149
1659,MistrustB_1,L1,unknown,0
1660,MistrustB_1,L2,u->v,0
1661,MistrustB_1,L2,v->u,5
1662,MistrustB_1,L2,undirected,0
1663,MistrustB_1,L2,none,149
1664,MistrustB_1,L2,unknown,0
1665,MistrustB_1,L3,u->v,1
1666,MistrustB_1,L3,v->u,89
1667,MistrustB_1,L3,undirected,0
1668,MistrustB_1,L3,none,64
1669,MistrustB_1,L3,unknown,0
1670,MistrustB_1,L4,u->v,0
1671,MistrustB_1,L4,v->u,6
1672,MistrustB_1,L4,undirected,1
1673,MistrustB_1,L4,none,147
1674,MistrustB_1,L4,unknown,0
1675,MistrustB_1,L5,u->v,1
1676,MistrustB_1,L5,v->u,3
1677,MistrustB_1,L5,undirected,0
1678,MistrustB_1,L5,none,150
1679,MistrustB_1,L5,unknown,0
1680,MistrustB_1,L6,u->v,0
1681,MistrustB_1,L6,v->u,5
1682,MistrustB_1,L6,undirected,0
1683,MistrustB_1,L6,none,149
1684,MistrustB_1,L6,unknown,0
1685,MistrustB_1,L7,u->v,0
1686,MistrustB_1,L7,v->u,59
1687,MistrustB_1,L7,undirected,2
1688,MistrustB_1,L7,none,93
1689,MistrustB_1,L7,unknown,0
1690,MistrustB_1,L8,u->v,0
1691,MistrustB_1,L8,v->u,2
1692,MistrustB_1,L8,undirected,0
1693,MistrustB_1,L8,none,152
1694,MistrustB_1,L8,unknown,0
1695,MistrustB_1,L9,u->v,0
1696,MistrustB_1,L9,v->u,7
1697,MistrustB_1,L9,undirected,0
1698,MistrustB_1,L9,none,147
1699,MistrustB_1,L9,unknown,0
1700,MistrustB_1,L10,u->v,0
1701,MistrustB_1,L10,v->u,2
1702,MistrustB_1,L10,undirected,0
1703,MistrustB_1,L10,none,152
1704,MistrustB_1,L10,unknown,0
1705,MistrustB_2,MistrustB_3,u->v,5
1706,MistrustB_2,MistrustB_3,v->u,7
1707,MistrustB_2,MistrustB_3,undirected,0
1708,MistrustB_2,MistrustB_3,none,142
1709,MistrustB_2,MistrustB_3,unknown,0
1710,MistrustB_2,MistrustB_4,u->v,2
1711,MistrustB_2,MistrustB_4,v->u,2
1712,MistrustB_2,MistrustB_4,undirected,0
1713,MistrustB_2,MistrustB_4,none,150
1714,MistrustB_2,MistrustB_4,unknown,0
1715,MistrustB_2,MistrustB_5,u->v,2
1716,MistrustB_2,MistrustB_5,v->u,16
1717,MistrustB_2,MistrustB_5,undirected,0
1718,MistrustB_2,MistrustB_5,none,136
1719,MistrustB_2,MistrustB_5,unknown,0
1720,MistrustB_2,MistrustB_6,u->v,2
1721,MistrustB_2,MistrustB_6,v->u,4
1722,MistrustB_2,MistrustB_6,undirected,0
1723,MistrustB_2,MistrustB_6,none,148
1724,MistrustB_2,MistrustB_6,unknown,0
1725,MistrustB_2,MistrustB_7,u->v,3
1726,MistrustB_2,MistrustB_7,v->u,2
1727,MistrustB_2,MistrustB_7,undirected,0
1728,MistrustB_2,MistrustB_7,none,149
1729,MistrustB_2,MistrustB_7,unknown,0
1730,MistrustB_2,MistrustB_8,u->v,2
1731,MistrustB_2,MistrustB_8,v->u,26
1732,MistrustB_2,MistrustB_8,undirected,2
1733,MistrustB_2,MistrustB_8,none,124
1734,MistrustB_2,MistrustB_8,unknown,0
1735,MistrustB_2,MistrustB_9,u->v,3
1736,MistrustB_2,MistrustB_9,v->u,9
1737,MistrustB_2,MistrustB_9,undirected,0
1738,MistrustB_2,MistrustB_9,none,142
1739,MistrustB_2,MistrustB_9,unknown,0
1740,MistrustB_2,MistrustB_10,u->v,4
1741,MistrustB_2,MistrustB_10,v->u,4
1742,MistrustB_2,MistrustB_10,undirected,1
1743,MistrustB_2,MistrustB_10,none,145
1744,MistrustB_2,MistrustB_10,unknown,0
1745,MistrustB_2,Sleep_1,u->v,1
1746,MistrustB_2,Sleep_1,v->u,2
1747,MistrustB_2,Sleep_1,undirected,0
1748,MistrustB_2,Sleep_1,none,151
1749,MistrustB_2,Sleep_1,unknown,0
1750,MistrustB_2,Sleep_2,u->v,0
1751,MistrustB_2,Sleep_2,v->u,2
1752,MistrustB_2,Sleep_2,undirected,0
1753,MistrustB_2,Sleep_2,none,152
1754,MistrustB_2,Sleep_2,unknown,0
1755,MistrustB_2,Sleep_3,u->v,3
1756,MistrustB_2,Sleep_3,v->u,1
1757,MistrustB_2,Sleep_3,undirected,0
1758,MistrustB_2,Sleep_3,none,150
1759,MistrustB_2,Sleep_3,unknown,0
1760,MistrustB_2,Sleep_4,u->v,2
1761,MistrustB_2,Sleep_4,v->u,1
1762,MistrustB_2,Sleep_4,undirected,0
1763,MistrustB_2,Sleep_4,none,151
1764,MistrustB_2,Sleep_4,unknown,0
1765,MistrustB_2,Sleep_5,u->v,2
1766,MistrustB_2,Sleep_5,v->u,3
1767,MistrustB_2,Sleep_5,undirected,0
1768,MistrustB_2,Sleep_5,none,149
1769,MistrustB_2,Sleep_5,unknown,0
1770,MistrustB_2,Sleep_6,u->v,2
1771,MistrustB_2,Sleep_6,v->u,1
1772,MistrustB_2,Sleep_6,undirected,0
1773,MistrustB_2,Sleep_6,none,151
1774,MistrustB_2,Sleep_6,unknown,0
1775,MistrustB_2,Sleep_7,u->v,4
1776,MistrustB_2,Sleep_7,v->u,3
1777,MistrustB_2,Sleep_7,undirected,1
1778,MistrustB_2,Sleep_7,none,146
1779,MistrustB_2,Sleep_7,unknown,0
1780,MistrustB_2,L1,u->v,0
1781,MistrustB_2,L1,v->u,8
1782,MistrustB_2,L1,undirected,1
1783,MistrustB_2,L1,none,145
1784,MistrustB_2,L1,unknown,0
1785,MistrustB_2,L2,u->v,1
1786,MistrustB_2,L2,v->u,6
1787,MistrustB_2,L2,undirected,0
1788,MistrustB_2,L2,none,147
1789,MistrustB_2,L2,unknown,0
1790,MistrustB_2,L3,u->v,0
1791,MistrustB_2,L3,v->u,90
1792,MistrustB_2,L3,undirected,1
1793,MistrustB_2,L3,none,63
1794,MistrustB_2,L3,unknown,0
1795,MistrustB_2,L4,u->v,0
1796,MistrustB_2,L4,v->u,1
1797,MistrustB_2,L4,undirected,0
1798,MistrustB_2,L4,none,153
1799,MistrustB_2,L4,unknown,0
1800,MistrustB_2,L5,u->v,0
1801,MistrustB_2,L5,v->u,1
1802,MistrustB_2,L5,undirected,0
1803,MistrustB_2,L5,none,153
1804,MistrustB_2,L5,unknown,0
1805,MistrustB_2,L6,u->v,0
1806,MistrustB_2,L6,v->u,15
1807,MistrustB_2,L6,undirected,0
1808,MistrustB_2,L6,none,139
1809,MistrustB_2,L6,unknown,0
1810,MistrustB_2,L7,u->v,0
1811,MistrustB_2,L7,v->u,46
1812,MistrustB_2,L7,undirected,0
1813,MistrustB_2,L7,none,108
1814,MistrustB_2,L7,unknown,0
1815,MistrustB_2,L8,u->v,1
1816,MistrustB_2,L8,v->u,2
1817,MistrustB_2,L8,undirected,0
1818,MistrustB_2,L8,none,151
1819,MistrustB_2,L8,unknown,0
1820,MistrustB_2,L9,u->v,0
1821,MistrustB_2,L9,v->u,7
1822,MistrustB_2,L9,undirected,0
1823,MistrustB_2,L9,none,147
1824,MistrustB_2,L9,unknown,0
1825,MistrustB_2,L10,u->v,0
1826,MistrustB_2,L10,v->u,4
1827,MistrustB_2,L10,undirected,0
1828,MistrustB_2,L10,none,150
1829,MistrustB_2,L10,unknown,0
1830,MistrustB_3,MistrustB_4,u->v,7
1831,MistrustB_3,MistrustB_4,v->u,2
1832,MistrustB_3,MistrustB_4,undirected,0
1833,MistrustB_3,MistrustB_4,none,145
1834,MistrustB_3,MistrustB_4,unknown,0
1835,MistrustB_3,MistrustB_5,u->v,9
1836,MistrustB_3,MistrustB_5,v->u,4
1837,MistrustB_3,MistrustB_5,undirected,0
1838,MistrustB_3,MistrustB_5,none,141
1839,MistrustB_3,MistrustB_5,unknown,0
1840,MistrustB_3,MistrustB_6,u->v,19
1841,MistrustB_3,MistrustB_6,v->u,5
1842,MistrustB_3,MistrustB_6,undirected,0
1843,MistrustB_3,MistrustB_6,none,130
1844,MistrustB_3,MistrustB_6,unknown,0
1845,MistrustB_3,MistrustB_7,u->v,20
1846,MistrustB_3,MistrustB_7,v->u,13
1847,MistrustB_3,MistrustB_7,undirected,0
1848,MistrustB_3,MistrustB_7,none,121
1849,MistrustB_3,MistrustB_7,unknown,0
1850,MistrustB_3,MistrustB_8,u->v,11
1851,MistrustB_3,MistrustB_8,v->u,1
1852,MistrustB_3,MistrustB_8,undirected,1
1853,MistrustB_3,MistrustB_8,none,141
1854,MistrustB_3,MistrustB_8,unknown,0
1855,MistrustB_3,MistrustB_9,u->v,16
1856,MistrustB_3,MistrustB_9,v->u,10
1857,MistrustB_3,MistrustB_9,undirected,0
1858,MistrustB_3,MistrustB_9,none,128
1859,MistrustB_3,MistrustB_9,unknown,0
1860,MistrustB_3,MistrustB_10,u->v,24
1861,MistrustB_3,MistrustB_10,v->u,9
1862,MistrustB_3,MistrustB_10,undirected,0
1863,MistrustB_3,MistrustB_10,none,121
1864,MistrustB_3,MistrustB_10,unknown,0
1865,MistrustB_3,Sleep_1,u->v,1
1866,MistrustB_3,Sleep_1,v->u,1
1867,MistrustB_3,Sleep_1,undirected,0
1868,MistrustB_3,Sleep_1,none,152
1869,MistrustB_3,Sleep_1,unknown,0
1870,MistrustB_3,Sleep_2,u->v,2
1871,MistrustB_3,Sleep_2,v->u,1
1872,MistrustB_3,Sleep_2,undirected,0
1873,MistrustB_3,Sleep_2,none,151
1874,MistrustB_3,Sleep_2,unknown,0
1875,MistrustB_3,Sleep_3,u->v,1
1876,MistrustB_3,Sleep_3,v->u,2
1877,MistrustB_3,Sleep_3,undirected,0
1878,MistrustB_3,Sleep_3,none,151
1879,MistrustB_3,Sleep_3,unknown,0
1880,MistrustB_3,Sleep_4,u->v,0
1881,MistrustB_3,Sleep_4,v->u,3
1882,MistrustB_3,Sleep_4,undirected,1
1883,MistrustB_3,Sleep_4,none,150
1884,MistrustB_3,Sleep_4,unknown,0
1885,MistrustB_3,Sleep_5,u->v,0
1886,MistrustB_3,Sleep_5,v->u,3
1887,MistrustB_3,Sleep_5,undirected,0
1888,MistrustB_3,Sleep_5,none,151
1889,MistrustB_3,Sleep_5,unknown,0
1890,MistrustB_3,Sleep_6,u->v,1
1891,MistrustB_3,Sleep_6,v->u,3
1892,MistrustB_3,Sleep_6,undirected,2
1893,MistrustB_3,Sleep_6,none,148
1894,MistrustB_3,Sleep_6,unknown,0
1895,MistrustB_3,Sleep_7,u->v,1
1896,MistrustB_3,Sleep_7,v->u,2
1897,MistrustB_3,Sleep_7,undirected,0
1898,MistrustB_3,Sleep_7,none,151
1899,MistrustB_3,Sleep_7,unknown,0
1900,MistrustB_3,L1,u->v,3
1901,MistrustB_3,L1,v->u,12
1902,MistrustB_3,L1,undirected,0
1903,MistrustB_3,L1,none,139
1904,MistrustB_3,L1,unknown,0
1905,MistrustB_3,L2,u->v,0
1906,MistrustB_3,L2,v->u,7
1907,MistrustB_3,L2,undirected,0
1908,MistrustB_3,L2,none,147
1909,MistrustB_3,L2,unknown,0
1910,MistrustB_3,L3,u->v,2
1911,MistrustB_3,L3,v->u,83
1912,MistrustB_3,L3,undirected,0
1913,MistrustB_3,L3,none,69
1914,MistrustB_3,L3,unknown,0
1915,MistrustB_3,L4,u->v,1
1916,MistrustB_3,L4,v->u,6
1917,MistrustB_3,L4,undirected,1
1918,MistrustB_3,L4,none,146
1919,MistrustB_3,L4,unknown,0
1920,MistrustB_3,L5,u->v,0
1921,MistrustB_3,L5,v->u,4
1922,MistrustB_3,L5,undirected,1
1923,MistrustB_3,L5,none,149
1924,MistrustB_3,L5,unknown,0
1925,MistrustB_3,L6,u->v,2
1926,MistrustB_3,L6,v->u,10
1927,MistrustB_3,L6,undirected,0
1928,MistrustB_3,L6,none,142
1929,MistrustB_3,L6,unknown,0
1930,MistrustB_3,L7,u->v,2
1931,MistrustB_3,L7,v->u,49
1932,MistrustB_3,L7,undirected,0
1933,MistrustB_3,L7,none,103
1934,MistrustB_3,L7,unknown,0
1935,MistrustB_3,L8,u->v,1
1936,MistrustB_3,L8,v->u,2
1937,MistrustB_3,L8,undirected,0
1938,MistrustB_3,L8,none,151
1939,MistrustB_3,L8,unknown,0
1940,MistrustB_3,L9,u->v,0
1941,MistrustB_3,L9,v->u,9
1942,MistrustB_3,L9,undirected,0
1943,MistrustB_3,L9,none,145
1944,MistrustB_3,L9,unknown,0
1945,MistrustB_3,L10,u->v,1
1946,MistrustB_3,L10,v->u,4
1947,MistrustB_3,L10,undirected,0
1948,MistrustB_3,L10,none,149
1949,MistrustB_3,L10,unknown,0
1950,MistrustB_4,MistrustB_5,u->v,3
1951,MistrustB_4,MistrustB_5,v->u,16
1952,MistrustB_4,MistrustB_5,undirected,1
1953,MistrustB_4,MistrustB_5,none,134
1954,MistrustB_4,MistrustB_5,unknown,0
1955,MistrustB_4,MistrustB_6,u->v,2
1956,MistrustB_4,MistrustB_6,v->u,5
1957,MistrustB_4,MistrustB_6,undirected,0
1958,MistrustB_4,MistrustB_6,none,147
1959,MistrustB_4,MistrustB_6,unknown,0
1960,MistrustB_4,MistrustB_7,u->v,2
1961,MistrustB_4,MistrustB_7,v->u,2
1962,MistrustB_4,MistrustB_7,undirected,0
1963,MistrustB_4,MistrustB_7,none,150
1964,MistrustB_4,MistrustB_7,unknown,0
1965,MistrustB_4,MistrustB_8,u->v,2
1966,MistrustB_4,MistrustB_8,v->u,26
1967,MistrustB_4,MistrustB_8,undirected,0
1968,MistrustB_4,MistrustB_8,none,126
1969,MistrustB_4,MistrustB_8,unknown,0
1970,MistrustB_4,MistrustB_9,u->v,3
1971,MistrustB_4,MistrustB_9,v->u,13
1972,MistrustB_4,MistrustB_9,undirected,1
1973,MistrustB_4,MistrustB_9,none,137
1974,MistrustB_4,MistrustB_9,unknown,0
1975,MistrustB_4,MistrustB_10,u->v,2
1976,MistrustB_4,MistrustB_10,v->u,4
1977,MistrustB_4,MistrustB_10,undirected,2
1978,MistrustB_4,MistrustB_10,none,146
1979,MistrustB_4,MistrustB_10,unknown,0
1980,MistrustB_4,Sleep_1,u->v,0
1981,MistrustB_4,Sleep_1,v->u,3
1982,MistrustB_4,Sleep_1,undirected,1
1983,MistrustB_4,Sleep_1,none,150
1984,MistrustB_4,Sleep_1,unknown,0
1985,MistrustB_4,Sleep_2,u->v,0
1986,MistrustB_4,Sleep_2,v->u,1
1987,MistrustB_4,Sleep_2,undirected,1
1988,MistrustB_4,Sleep_2,none,152
1989,MistrustB_4,Sleep_2,unknown,0
1990,MistrustB_4,Sleep_3,u->v,0
1991,MistrustB_4,Sleep_3,v->u,0
1992,MistrustB_4,Sleep_3,undirected,0
1993,MistrustB_4,Sleep_3,none,154
1994,MistrustB_4,Sleep_3,unknown,0
1995,MistrustB_4,Sleep_4,u->v,0
1996,MistrustB_4,Sleep_4,v->u,2
1997,MistrustB_4,Sleep_4,undirected,0
1998,MistrustB_4,Sleep_4,none,152
1999,MistrustB_4,Sleep_4,unknown,0
2000,MistrustB_4,Sleep_5,u->v,1
2001,MistrustB_4,Sleep_5,v->u,3
2002,MistrustB_4,Sleep_5,undirected,0
2003,MistrustB_4,Sleep_5,none,150
2004,MistrustB_4,Sleep_5,unknown,0
2005,MistrustB_4,Sleep_6,u->v,1
2006,MistrustB_4,Sleep_6,v->u,1
2007,MistrustB_4,Sleep_6,undirected,0
2008,MistrustB_4,Sleep_6,none,152
2009,MistrustB_4,Sleep_6,unknown,0
2010,MistrustB_4,Sleep_7,u->v,0
2011,MistrustB_4,Sleep_7,v->u,2
2012,MistrustB_4,Sleep_7,undirected,0
2013,MistrustB_4,Sleep_7,none,152
2014,MistrustB_4,Sleep_7,unknown,0
2015,MistrustB_4,L1,u->v,0
2016,MistrustB_4,L1,v->u,7
2017,MistrustB_4,L1,undirected,1
2018,MistrustB_4,L1,none,146
2019,MistrustB_4,L1,unknown,0
2020,MistrustB_4,L2,u->v,0
2021,MistrustB_4,L2,v->u,6
2022,MistrustB_4,L2,undirected,0
2023,MistrustB_4,L2,none,148
2024,MistrustB_4,L2,unknown,0
2025,MistrustB_4,L3,u->v,0
2026,MistrustB_4,L3,v->u,96
2027,MistrustB_4,L3,undirected,2
2028,MistrustB_4,L3,none,56
2029,MistrustB_4,L3,unknown,0
2030,MistrustB_4,L4,u->v,0
2031,MistrustB_4,L4,v->u,4
2032,MistrustB_4,L4,undirected,0
2033,MistrustB_4,L4,none,150
2034,MistrustB_4,L4,unknown,0
2035,MistrustB_4,L5,u->v,0
2036,MistrustB_4,L5,v->u,0
2037,MistrustB_4,L5,undirected,0
2038,MistrustB_4,L5,none,154
2039,MistrustB_4,L5,unknown,0
2040,MistrustB_4,L6,u->v,0
2041,MistrustB_4,L6,v->u,5
2042,MistrustB_4,L6,undirected,0
2043,MistrustB_4,L6,none,149
2044,MistrustB_4,L6,unknown,0
2045,MistrustB_4,L7,u->v,0
2046,MistrustB_4,L7,v->u,52
2047,MistrustB_4,L7,undirected,1
2048,MistrustB_4,L7,none,101
2049,MistrustB_4,L7,unknown,0
2050,MistrustB_4,L8,u->v,2
2051,MistrustB_4,L8,v->u,2
2052,MistrustB_4,L8,undirected,0
2053,MistrustB_4,L8,none,150
2054,MistrustB_4,L8,unknown,0
2055,MistrustB_4,L9,u->v,0
2056,MistrustB_4,L9,v->u,3
2057,MistrustB_4,L9,undirected,0
2058,MistrustB_4,L9,none,151
2059,MistrustB_4,L9,unknown,0
2060,MistrustB_4,L10,u->v,0
2061,MistrustB_4,L10,v->u,3
2062,MistrustB_4,L10,undirected,0
2063,MistrustB_4,L10,none,151
2064,MistrustB_4,L10,unknown,0
2065,MistrustB_5,MistrustB_6,u->v,6
2066,MistrustB_5,MistrustB_6,v->u,6
2067,MistrustB_5,MistrustB_6,undirected,0
2068,MistrustB_5,MistrustB_6,none,142
2069,MistrustB_5,MistrustB_6,unknown,0
2070,MistrustB_5,MistrustB_7,u->v,11
2071,MistrustB_5,MistrustB_7,v->u,3
2072,MistrustB_5,MistrustB_7,undirected,0
2073,MistrustB_5,MistrustB_7,none,140
2074,MistrustB_5,MistrustB_7,unknown,0
2075,MistrustB_5,MistrustB_8,u->v,7
2076,MistrustB_5,MistrustB_8,v->u,12
2077,MistrustB_5,MistrustB_8,undirected,2
2078,MistrustB_5,MistrustB_8,none,133
2079,MistrustB_5,MistrustB_8,unknown,0
2080,MistrustB_5,MistrustB_9,u->v,21
2081,MistrustB_5,MistrustB_9,v->u,18
2082,MistrustB_5,MistrustB_9,undirected,2
2083,MistrustB_5,MistrustB_9,none,113
2084,MistrustB_5,MistrustB_9,unknown,0
2085,MistrustB_5,MistrustB_10,u->v,23
2086,MistrustB_5,MistrustB_10,v->u,8
2087,MistrustB_5,MistrustB_10,undirected,3
2088,MistrustB_5,MistrustB_10,none,120
2089,MistrustB_5,MistrustB_10,unknown,0
2090,MistrustB_5,Sleep_1,u->v,2
2091,MistrustB_5,Sleep_1,v->u,2
2092,MistrustB_5,Sleep_1,undirected,0
2093,MistrustB_5,Sleep_1,none,150
2094,MistrustB_5,Sleep_1,unknown,0
2095,MistrustB_5,Sleep_2,u->v,3
2096,MistrustB_5,Sleep_2,v->u,1
2097,MistrustB_5,Sleep_2,undirected,0
2098,MistrustB_5,Sleep_2,none,150
2099,MistrustB_5,Sleep_2,unknown,0
2100,MistrustB_5,Sleep_3,u->v,1
2101,MistrustB_5,Sleep_3,v->u,3
2102,MistrustB_5,Sleep_3,undirected,0
2103,MistrustB_5,Sleep_3,none,150
2104,MistrustB_5,Sleep_3,unknown,0
2105,MistrustB_5,Sleep_4,u->v,1
2106,MistrustB_5,Sleep_4,v->u,1
2107,MistrustB_5,Sleep_4,undirected,0
2108,MistrustB_5,Sleep_4,none,152
2109,MistrustB_5,Sleep_4,unknown,0
2110,MistrustB_5,Sleep_5,u->v,0
2111,MistrustB_5,Sleep_5,v->u,2
2112,MistrustB_5,Sleep_5,undirected,0
2113,MistrustB_5,Sleep_5,none,152
2114,MistrustB_5,Sleep_5,unknown,0
2115,MistrustB_5,Sleep_6,u->v,1
2116,MistrustB_5,Sleep_6,v->u,2
2117,MistrustB_5,Sleep_6,undirected,0
2118,MistrustB_5,Sleep_6,none,151
2119,MistrustB_5,Sleep_6,unknown,0
2120,MistrustB_5,Sleep_7,u->v,3
2121,MistrustB_5,Sleep_7,v->u,2
2122,MistrustB_5,Sleep_7,undirected,0
2123,MistrustB_5,Sleep_7,none,149
2124,MistrustB_5,Sleep_7,unknown,0
2125,MistrustB_5,L1,u->v,0
2126,MistrustB_5,L1,v->u,5
2127,MistrustB_5,L1,undirected,0
2128,MistrustB_5,L1,none,149
2129,MistrustB_5,L1,unknown,0
2130,MistrustB_5,L2,u->v,1
2131,MistrustB_5,L2,v->u,7
2132,MistrustB_5,L2,undirected,0
2133,MistrustB_5,L2,none,146
2134,MistrustB_5,L2,unknown,0
2135,MistrustB_5,L3,u->v,0
2136,MistrustB_5,L3,v->u,80
2137,MistrustB_5,L3,undirected,0
2138,MistrustB_5,L3,none,74
2139,MistrustB_5,L3,unknown,0
2140,MistrustB_5,L4,u->v,0
2141,MistrustB_5,L4,v->u,4
2142,MistrustB_5,L4,undirected,0
2143,MistrustB_5,L4,none,150
2144,MistrustB_5,L4,unknown,0
2145,MistrustB_5,L5,u->v,3
2146,MistrustB_5,L5,v->u,1
2147,MistrustB_5,L5,undirected,0
2148,MistrustB_5,L5,none,150
2149,MistrustB_5,L5,unknown,0
2150,MistrustB_5,L6,u->v,2
2151,MistrustB_5,L6,v->u,30
2152,MistrustB_5,L6,undirected,0
2153,MistrustB_5,L6,none,122
2154,MistrustB_5,L6,unknown,0
2155,MistrustB_5,L7,u->v,0
2156,MistrustB_5,L7,v->u,33
2157,MistrustB_5,L7,undirected,0
2158,MistrustB_5,L7,none,121
2159,MistrustB_5,L7,unknown,0
2160,MistrustB_5,L8,u->v,0
2161,MistrustB_5,L8,v->u,0
2162,MistrustB_5,L8,undirected,0
2163,MistrustB_5,L8,none,154
2164,MistrustB_5,L8,unknown,0
2165,MistrustB_5,L9,u->v,0
2166,MistrustB_5,L9,v->u,22
2167,MistrustB_5,L9,undirected,0
2168,MistrustB_5,L9,none,132
2169,MistrustB_5,L9,unknown,0
2170,MistrustB_5,L10,u->v,1
2171,MistrustB_5,L10,v->u,4
2172,MistrustB_5,L10,undirected,0
2173,MistrustB_5,L10,none,149
2174,MistrustB_5,L10,unknown,0
2175,MistrustB_6,MistrustB_7,u->v,5
2176,MistrustB_6,MistrustB_7,v->u,6
2177,MistrustB_6,MistrustB_7,undirected,0
2178,MistrustB_6,MistrustB_7,none,143
2179,MistrustB_6,MistrustB_7,unknown,0
2180,MistrustB_6,MistrustB_8,u->v,4
2181,MistrustB_6,MistrustB_8,v->u,10
2182,MistrustB_6,MistrustB_8,undirected,0
2183,MistrustB_6,MistrustB_8,none,140
2184,MistrustB_6,MistrustB_8,unknown,0
2185,MistrustB_6,MistrustB_9,u->v,2
2186,MistrustB_6,MistrustB_9,v->u,25
2187,MistrustB_6,MistrustB_9,undirected,1
2188,MistrustB_6,MistrustB_9,none,126
2189,MistrustB_6,MistrustB_9,unknown,0
2190,MistrustB_6,MistrustB_10,u->v,3
2191,MistrustB_6,MistrustB_10,v->u,2
2192,MistrustB_6,MistrustB_10,undirected,0
2193,MistrustB_6,MistrustB_10,none,149
2194,MistrustB_6,MistrustB_10,unknown,0
2195,MistrustB_6,Sleep_1,u->v,3
2196,MistrustB_6,Sleep_1,v->u,2
2197,MistrustB_6,Sleep_1,undirected,0
2198,MistrustB_6,Sleep_1,none,149
2199,MistrustB_6,Sleep_1,unknown,0
2200,MistrustB_6,Sleep_2,u->v,5
2201,MistrustB_6,Sleep_2,v->u,2
2202,MistrustB_6,Sleep_2,undirected,1
2203,MistrustB_6,Sleep_2,none,146
2204,MistrustB_6,Sleep_2,unknown,0
2205,MistrustB_6,Sleep_3,u->v,4
2206,MistrustB_6,Sleep_3,v->u,2
2207,MistrustB_6,Sleep_3,undirected,0
2208,MistrustB_6,Sleep_3,none,148
2209,MistrustB_6,Sleep_3,unknown,0
2210,MistrustB_6,Sleep_4,u->v,0
2211,MistrustB_6,Sleep_4,v->u,1
2212,MistrustB_6,Sleep_4,undirected,0
2213,MistrustB_6,Sleep_4,none,153
2214,MistrustB_6,Sleep_4,unknown,0
2215,MistrustB_6,Sleep_5,u->v,0
2216,MistrustB_6,Sleep_5,v->u,4
2217,MistrustB_6,Sleep_5,undirected,0
2218,MistrustB_6,Sleep_5,none,150
2219,MistrustB_6,Sleep_5,unknown,0
2220,MistrustB_6,Sleep_6,u->v,0
2221,MistrustB_6,Sleep_6,v->u,1
2222,MistrustB_6,Sleep_6,undirected,0
2223,MistrustB_6,Sleep_6,none,153
2224,MistrustB_6,Sleep_6,unknown,0
2225,MistrustB_6,Sleep_7,u->v,1
2226,MistrustB_6,Sleep_7,v->u,1
2227,MistrustB_6,Sleep_7,undirected,0
2228,MistrustB_6,Sleep_7,none,152
2229,MistrustB_6,Sleep_7,unknown,0
2230,MistrustB_6,L1,u->v,2
2231,MistrustB_6,L1,v->u,5
2232,MistrustB_6,L1,undirected,0
2233,MistrustB_6,L1,none,147
2234,MistrustB_6,L1,unknown,0
2235,MistrustB_6,L2,u->v,0
2236,MistrustB_6,L2,v->u,9
2237,MistrustB_6,L2,undirected,1
2238,MistrustB_6,L2,none,144
2239,MistrustB_6,L2,unknown,0
2240,MistrustB_6,L3,u->v,0
2241,MistrustB_6,L3,v->u,87
2242,MistrustB_6,L3,undirected,2
2243,MistrustB_6,L3,none,65
2244,MistrustB_6,L3,unknown,0
2245,MistrustB_6,L4,u->v,0
2246,MistrustB_6,L4,v->u,6
2247,MistrustB_6,L4,undirected,0
2248,MistrustB_6,L4,none,148
2249,MistrustB_6,L4,unknown,0
2250,MistrustB_6,L5,u->v,2
2251,MistrustB_6,L5,v->u,0
2252,MistrustB_6,L5,undirected,1
2253,MistrustB_6,L5,none,151
2254,MistrustB_6,L5,unknown,0
2255,MistrustB_6,L6,u->v,1
2256,MistrustB_6,L6,v->u,5
2257,MistrustB_6,L6,undirected,1
2258,MistrustB_6,L6,none,147
2259,MistrustB_6,L6,unknown,0
2260,MistrustB_6,L7,u->v,0
2261,MistrustB_6,L7,v->u,57
2262,MistrustB_6,L7,undirected,1
2263,MistrustB_6,L7,none,96
2264,MistrustB_6,L7,unknown,0
2265,MistrustB_6,L8,u->v,2
2266,MistrustB_6,L8,v->u,4
2267,MistrustB_6,L8,undirected,0
2268,MistrustB_6,L8,none,148
2269,MistrustB_6,L8,unknown,0
2270,MistrustB_6,L9,u->v,0
2271,MistrustB_6,L9,v->u,4
2272,MistrustB_6,L9,undirected,0
2273,MistrustB_6,L9,none,150
2274,MistrustB_6,L9,unknown,0
2275,MistrustB_6,L10,u->v,0
2276,MistrustB_6,L10,v->u,5
2277,MistrustB_6,L10,undirected,1
2278,MistrustB_6,L10,none,148
2279,MistrustB_6,L10,unknown,0
2280,MistrustB_7,MistrustB_8,u->v,4
2281,MistrustB_7,MistrustB_8,v->u,11
2282,MistrustB_7,MistrustB_8,undirected,0
2283,MistrustB_7,MistrustB_8,none,139
2284,MistrustB_7,MistrustB_8,unknown,0
2285,MistrustB_7,MistrustB_9,u->v,6
2286,MistrustB_7,MistrustB_9,v->u,25
2287,MistrustB_7,MistrustB_9,undirected,0
2288,MistrustB_7,MistrustB_9,none,123
2289,MistrustB_7,MistrustB_9,unknown,0
2290,MistrustB_7,MistrustB_10,u->v,6
2291,MistrustB_7,MistrustB_10,v->u,1
2292,MistrustB_7,MistrustB_10,undirected,1
2293,MistrustB_7,MistrustB_10,none,146
2294,MistrustB_7,MistrustB_10,unknown,0
2295,MistrustB_7,Sleep_1,u->v,0
2296,MistrustB_7,Sleep_1,v->u,1
2297,MistrustB_7,Sleep_1,undirected,0
2298,MistrustB_7,Sleep_1,none,153
2299,MistrustB_7,Sleep_1,unknown,0
2300,MistrustB_7,Sleep_2,u->v,1
2301,MistrustB_7,Sleep_2,v->u,1
2302,MistrustB_7,Sleep_2,undirected,1
2303,MistrustB_7,Sleep_2,none,151
2304,MistrustB_7,Sleep_2,unknown,0
2305,MistrustB_7,Sleep_3,u->v,1
2306,MistrustB_7,Sleep_3,v->u,0
2307,MistrustB_7,Sleep_3,undirected,0
2308,MistrustB_7,Sleep_3,none,153
2309,MistrustB_7,Sleep_3,unknown,0
2310,MistrustB_7,Sleep_4,u->v,1
2311,MistrustB_7,Sleep_4,v->u,1
2312,MistrustB_7,Sleep_4,undirected,0
2313,MistrustB_7,Sleep_4,none,152
2314,MistrustB_7,Sleep_4,unknown,0
2315,MistrustB_7,Sleep_5,u->v,0
2316,MistrustB_7,Sleep_5,v->u,3
2317,MistrustB_7,Sleep_5,undirected,1
2318,MistrustB_7,Sleep_5,none,150
2319,MistrustB_7,Sleep_5,unknown,0
2320,MistrustB_7,Sleep_6,u->v,0
2321,MistrustB_7,Sleep_6,v->u,2
2322,MistrustB_7,Sleep_6,undirected,0
2323,MistrustB_7,Sleep_6,none,152
2324,MistrustB_7,Sleep_6,unknown,0
2325,MistrustB_7,Sleep_7,u->v,3
2326,MistrustB_7,Sleep_7,v->u,2
2327,MistrustB_7,Sleep_7,undirected,0
2328,MistrustB_7,Sleep_7,none,149
2329,MistrustB_7,Sleep_7,unknown,0
2330,MistrustB_7,L1,u->v,0
2331,MistrustB_7,L1,v->u,6
2332,MistrustB_7,L1,undirected,0
2333,MistrustB_7,L1,none,148
2334,MistrustB_7,L1,unknown,0
2335,MistrustB_7,L2,u->v,0
2336,MistrustB_7,L2,v->u,5
2337,MistrustB_7,L2,undirected,0
2338,MistrustB_7,L2,none,149
2339,MistrustB_7,L2,unknown,0
2340,MistrustB_7,L3,u->v,0
2341,MistrustB_7,L3,v->u,95
2342,MistrustB_7,L3,undirected,0
2343,MistrustB_7,L3,none,59
2344,MistrustB_7,L3,unknown,0
2345,MistrustB_7,L4,u->v,0
2346,MistrustB_7,L4,v->u,5
2347,MistrustB_7,L4,undirected,0
2348,MistrustB_7,L4,none,149
2349,MistrustB_7,L4,unknown,0
2350,MistrustB_7,L5,u->v,0
2351,MistrustB_7,L5,v->u,2
2352,MistrustB_7,L5,undirected,0
2353,MistrustB_7,L5,none,152
2354,MistrustB_7,L5,unknown,0
2355,MistrustB_7,L6,u->v,0
2356,MistrustB_7,L6,v->u,11
2357,MistrustB_7,L6,undirected,1
2358,MistrustB_7,L6,none,142
2359,MistrustB_7,L6,unknown,0
2360,MistrustB_7,L7,u->v,0
2361,MistrustB_7,L7,v->u,46
2362,MistrustB_7,L7,undirected,0
2363,MistrustB_7,L7,none,108
2364,MistrustB_7,L7,unknown,0
2365,MistrustB_7,L8,u->v,0
2366,MistrustB_7,L8,v->u,2
2367,MistrustB_7,L8,undirected,0
2368,MistrustB_7,L8,none,152
2369,MistrustB_7,L8,unknown,0
2370,MistrustB_7,L9,u->v,0
2371,MistrustB_7,L9,v->u,9
2372,MistrustB_7,L9,undirected,0
2373,MistrustB_7,L9,none,145
2374,MistrustB_7,L9,unknown,0
2375,MistrustB_7,L10,u->v,0
2376,MistrustB_7,L10,v->u,2
2377,MistrustB_7,L10,undirected,0
2378,MistrustB_7,L10,none,152
2379,MistrustB_7,L10,unknown,0
2380,MistrustB_8,MistrustB_9,u->v,12
2381,MistrustB_8,MistrustB_9,v->u,24
2382,MistrustB_8,MistrustB_9,undirected,3
2383,MistrustB_8,MistrustB_9,none,115
2384,MistrustB_8,MistrustB_9,unknown,0
2385,MistrustB_8,MistrustB_10,u->v,10
2386,MistrustB_8,MistrustB_10,v->u,2
2387,MistrustB_8,MistrustB_10,undirected,2
2388,MistrustB_8,MistrustB_10,none,140
2389,MistrustB_8,MistrustB_10,unknown,0
2390,MistrustB_8,Sleep_1,u->v,2
2391,MistrustB_8,Sleep_1,v->u,2
2392,MistrustB_8,Sleep_1,undirected,0
2393,MistrustB_8,Sleep_1,none,150
2394,MistrustB_8,Sleep_1,unknown,0
2395,MistrustB_8,Sleep_2,u->v,6
2396,MistrustB_8,Sleep_2,v->u,2
2397,MistrustB_8,Sleep_2,undirected,0
2398,MistrustB_8,Sleep_2,none,146
2399,MistrustB_8,Sleep_2,unknown,0
2400,MistrustB_8,Sleep_3,u->v,2
2401,MistrustB_8,Sleep_3,v->u,4
2402,MistrustB_8,Sleep_3,undirected,0
2403,MistrustB_8,Sleep_3,none,148
2404,MistrustB_8,Sleep_3,unknown,0
2405,MistrustB_8,Sleep_4,u->v,3
2406,MistrustB_8,Sleep_4,v->u,2
2407,MistrustB_8,Sleep_4,undirected,0
2408,MistrustB_8,Sleep_4,none,149
2409,MistrustB_8,Sleep_4,unknown,0
2410,MistrustB_8,Sleep_5,u->v,1
2411,MistrustB_8,Sleep_5,v->u,6
2412,MistrustB_8,Sleep_5,undirected,0
2413,MistrustB_8,Sleep_5,none,147
2414,MistrustB_8,Sleep_5,unknown,0
2415,MistrustB_8,Sleep_6,u->v,2
2416,MistrustB_8,Sleep_6,v->u,1
2417,MistrustB_8,Sleep_6,undirected,1
2418,MistrustB_8,Sleep_6,none,150
2419,MistrustB_8,Sleep_6,unknown,0
2420,MistrustB_8,Sleep_7,u->v,6
2421,MistrustB_8,Sleep_7,v->u,2
2422,MistrustB_8,Sleep_7,undirected,0
2423,MistrustB_8,Sleep_7,none,146
2424,MistrustB_8,Sleep_7,unknown,0
2425,MistrustB_8,L1,u->v,1
2426,MistrustB_8,L1,v->u,8
2427,MistrustB_8,L1,undirected,0
2428,MistrustB_8,L1,none,145
2429,MistrustB_8,L1,unknown,0
2430,MistrustB_8,L2,u->v,1
2431,MistrustB_8,L2,v->u,5
2432,MistrustB_8,L2,undirected,0
2433,MistrustB_8,L2,none,148
2434,MistrustB_8,L2,unknown,0
2435,MistrustB_8,L3,u->v,3
2436,MistrustB_8,L3,v->u,86
2437,MistrustB_8,L3,undirected,0
2438,MistrustB_8,L3,none,65
2439,MistrustB_8,L3,unknown,0
2440,MistrustB_8,L4,u->v,1
2441,MistrustB_8,L4,v->u,2
2442,MistrustB_8,L4,undirected,0
2443,MistrustB_8,L4,none,151
2444,MistrustB_8,L4,unknown,0
2445,MistrustB_8,L5,u->v,1
2446,MistrustB_8,L5,v->u,1
2447,MistrustB_8,L5,undirected,0
2448,MistrustB_8,L5,none,152
2449,MistrustB_8,L5,unknown,0
2450,MistrustB_8,L6,u->v,1
2451,MistrustB_8,L6,v->u,18
2452,MistrustB_8,L6,undirected,0
2453,MistrustB_8,L6,none,135
2454,MistrustB_8,L6,unknown,0
2455,MistrustB_8,L7,u->v,3
2456,MistrustB_8,L7,v->u,49
2457,MistrustB_8,L7,undirected,1
2458,MistrustB_8,L7,none,101
2459,MistrustB_8,L7,unknown,0
2460,MistrustB_8,L8,u->v,4
2461,MistrustB_8,L8,v->u,5
2462,MistrustB_8,L8,undirected,0
2463,MistrustB_8,L8,none,145
2464,MistrustB_8,L8,unknown,0
2465,MistrustB_8,L9,u->v,2
2466,MistrustB_8,L9,v->u,10
2467,MistrustB_8,L9,undirected,0
2468,MistrustB_8,L9,none,142
2469,MistrustB_8,L9,unknown,0
2470,MistrustB_8,L10,u->v,2
2471,MistrustB_8,L10,v->u,1
2472,MistrustB_8,L10,undirected,0
2473,MistrustB_8,L10,none,151
2474,MistrustB_8,L10,unknown,0
2475,MistrustB_9,MistrustB_10,u->v,24
2476,MistrustB_9,MistrustB_10,v->u,4
2477,MistrustB_9,MistrustB_10,undirected,1
2478,MistrustB_9,MistrustB_10,none,125
2479,MistrustB_9,MistrustB_10,unknown,0
2480,MistrustB_9,Sleep_1,u->v,4
2481,MistrustB_9,Sleep_1,v->u,1
2482,MistrustB_9,Sleep_1,undirected,0
2483,MistrustB_9,Sleep_1,none,149
2484,MistrustB_9,Sleep_1,unknown,0
2485,MistrustB_9,Sleep_2,u->v,6
2486,MistrustB_9,Sleep_2,v->u,2
2487,MistrustB_9,Sleep_2,undirected,0
2488,MistrustB_9,Sleep_2,none,146
2489,MistrustB_9,Sleep_2,unknown,0
2490,MistrustB_9,Sleep_3,u->v,4
2491,MistrustB_9,Sleep_3,v->u,2
2492,MistrustB_9,Sleep_3,undirected,0
2493,MistrustB_9,Sleep_3,none,148
2494,MistrustB_9,Sleep_3,unknown,0
2495,MistrustB_9,Sleep_4,u->v,2
2496,MistrustB_9,Sleep_4,v->u,2
2497,MistrustB_9,Sleep_4,undirected,0
2498,MistrustB_9,Sleep_4,none,150
2499,MistrustB_9,Sleep_4,unknown,0
2500,MistrustB_9,Sleep_5,u->v,0
2501,MistrustB_9,Sleep_5,v->u,3
2502,MistrustB_9,Sleep_5,undirected,0
2503,MistrustB_9,Sleep_5,none,151
2504,MistrustB_9,Sleep_5,unknown,0
2505,MistrustB_9,Sleep_6,u->v,1
2506,MistrustB_9,Sleep_6,v->u,1
2507,MistrustB_9,Sleep_6,undirected,1
2508,MistrustB_9,Sleep_6,none,151
2509,MistrustB_9,Sleep_6,unknown,0
2510,MistrustB_9,Sleep_7,u->v,2
2511,MistrustB_9,Sleep_7,v->u,2
2512,MistrustB_9,Sleep_7,undirected,0
2513,MistrustB_9,Sleep_7,none,150
2514,MistrustB_9,Sleep_7,unknown,0
2515,MistrustB_9,L1,u->v,3
2516,MistrustB_9,L1,v->u,8
2517,MistrustB_9,L1,undirected,0
2518,MistrustB_9,L1,none,143
2519,MistrustB_9,L1,unknown,0
2520,MistrustB_9,L2,u->v,1
2521,MistrustB_9,L2,v->u,12
2522,MistrustB_9,L2,undirected,0
2523,MistrustB_9,L2,none,141
2524,MistrustB_9,L2,unknown,0
2525,MistrustB_9,L3,u->v,3
2526,MistrustB_9,L3,v->u,88
2527,MistrustB_9,L3,undirected,2
2528,MistrustB_9,L3,none,61
2529,MistrustB_9,L3,unknown,0
2530,MistrustB_9,L4,u->v,2
2531,MistrustB_9,L4,v->u,5
2532,MistrustB_9,L4,undirected,0
2533,MistrustB_9,L4,none,147
2534,MistrustB_9,L4,unknown,0
2535,MistrustB_9,L5,u->v,1
2536,MistrustB_9,L5,v->u,2
2537,MistrustB_9,L5,undirected,0
2538,MistrustB_9,L5,none,151
2539,MistrustB_9,L5,unknown,0
2540,MistrustB_9,L6,u->v,3
2541,MistrustB_9,L6,v->u,16
2542,MistrustB_9,L6,undirected,0
2543,MistrustB_9,L6,none,135
2544,MistrustB_9,L6,unknown,0
2545,MistrustB_9,L7,u->v,3
2546,MistrustB_9,L7,v->u,42
2547,MistrustB_9,L7,undirected,1
2548,MistrustB_9,L7,none,108
2549,MistrustB_9,L7,unknown,0
2550,MistrustB_9,L8,u->v,7
2551,MistrustB_9,L8,v->u,2
2552,MistrustB_9,L8,undirected,0
2553,MistrustB_9,L8,none,145
2554,MistrustB_9,L8,unknown,0
2555,MistrustB_9,L9,u->v,0
2556,MistrustB_9,L9,v->u,10
2557,MistrustB_9,L9,undirected,1
2558,MistrustB_9,L9,none,143
2559,MistrustB_9,L9,unknown,0
2560,MistrustB_9,L10,u->v,2
2561,MistrustB_9,L10,v->u,5
2562,MistrustB_9,L10,undirected,0
2563,MistrustB_9,L10,none,147
2564,MistrustB_9,L10,unknown,0
2565,MistrustB_10,Sleep_1,u->v,0
2566,MistrustB_10,Sleep_1,v->u,2
2567,MistrustB_10,Sleep_1,undirected,0
2568,MistrustB_10,Sleep_1,none,152
2569,MistrustB_10,Sleep_1,unknown,0
2570,MistrustB_10,Sleep_2,u->v,1
2571,MistrustB_10,Sleep_2,v->u,2
2572,MistrustB_10,Sleep_2,undirected,0
2573,MistrustB_10,Sleep_2,none,151
2574,MistrustB_10,Sleep_2,unknown,0
2575,MistrustB_10,Sleep_3,u->v,0
2576,MistrustB_10,Sleep_3,v->u,2
2577,MistrustB_10,Sleep_3,undirected,0
2578,MistrustB_10,Sleep_3,none,152
2579,MistrustB_10,Sleep_3,unknown,0
2580,MistrustB_10,Sleep_4,u->v,3
2581,MistrustB_10,Sleep_4,v->u,1
2582,MistrustB_10,Sleep_4,undirected,0
2583,MistrustB_10,Sleep_4,none,150
2584,MistrustB_10,Sleep_4,unknown,0
2585,MistrustB_10,Sleep_5,u->v,1
2586,MistrustB_10,Sleep_5,v->u,3
2587,MistrustB_10,Sleep_5,undirected,0
2588,MistrustB_10,Sleep_5,none,150
2589,MistrustB_10,Sleep_5,unknown,0
2590,MistrustB_10,Sleep_6,u->v,1
2591,MistrustB_10,Sleep_6,v->u,1
2592,MistrustB_10,Sleep_6,undirected,1
2593,MistrustB_10,Sleep_6,none,151
2594,MistrustB_10,Sleep_6,unknown,0
2595,MistrustB_10,Sleep_7,u->v,2
2596,MistrustB_10,Sleep_7,v->u,3
2597,MistrustB_10,Sleep_7,undirected,0
2598,MistrustB_10,Sleep_7,none,149
2599,MistrustB_10,Sleep_7,unknown,0
2600,MistrustB_10,L1,u->v,1
2601,MistrustB_10,L1,v->u,7
2602,MistrustB_10,L1,undirected,0
2603,MistrustB_10,L1,none,146
2604,MistrustB_10,L1,unknown,0
2605,MistrustB_10,L2,u->v,0
2606,MistrustB_10,L2,v->u,5
2607,MistrustB_10,L2,undirected,0
2608,MistrustB_10,L2,none,149
2609,MistrustB_10,L2,unknown,0
2610,MistrustB_10,L3,u->v,0
2611,MistrustB_10,L3,v->u,95
2612,MistrustB_10,L3,undirected,0
2613,MistrustB_10,L3,none,59
2614,MistrustB_10,L3,unknown,0
2615,MistrustB_10,L4,u->v,0
2616,MistrustB_10,L4,v->u,2
2617,MistrustB_10,L4,undirected,0
2618,MistrustB_10,L4,none,152
2619,MistrustB_10,L4,unknown,0
2620,MistrustB_10,L5,u->v,0
2621,MistrustB_10,L5,v->u,1
2622,MistrustB_10,L5,undirected,0
2623,MistrustB_10,L5,none,153
2624,MistrustB_10,L5,unknown,0
2625,MistrustB_10,L6,u->v,1
2626,MistrustB_10,L6,v->u,14
2627,MistrustB_10,L6,undirected,0
2628,MistrustB_10,L6,none,139
2629,MistrustB_10,L6,unknown,0
2630,MistrustB_10,L7,u->v,0
2631,MistrustB_10,L7,v->u,49
2632,MistrustB_10,L7,undirected,0
2633,MistrustB_10,L7,none,105
2634,MistrustB_10,L7,unknown,0
2635,MistrustB_10,L8,u->v,0
2636,MistrustB_10,L8,v->u,1
2637,MistrustB_10,L8,undirected,0
2638,MistrustB_10,L8,none,153
2639,MistrustB_10,L8,unknown,0
2640,MistrustB_10,L9,u->v,0
2641,MistrustB_10,L9,v->u,10
2642,MistrustB_10,L9,undirected,0
2643,MistrustB_10,L9,none,144
2644,MistrustB_10,L9,unknown,0
2645,MistrustB_10,L10,u->v,0
2646,MistrustB_10,L10,v->u,2
2647,MistrustB_10,L10,undirected,0
2648,MistrustB_10,L10,none,152
2649,MistrustB_10,L10,unknown,0
2650,Sleep_1,Sleep_2,u->v,4
2651,Sleep_1,Sleep_2,v->u,8
2652,Sleep_1,Sleep_2,undirected,0
2653,Sleep_1,Sleep_2,none,142
2654,Sleep_1,Sleep_2,unknown,0
2655,Sleep_1,Sleep_3,u->v,4
2656,Sleep_1,Sleep_3,v->u,42
2657,Sleep_1,Sleep_3,undirected,0
2658,Sleep_1,Sleep_3,none,108
2659,Sleep_1,Sleep_3,unknown,0
2660,Sleep_1,Sleep_4,u->v,1
2661,Sleep_1,Sleep_4,v->u,18
2662,Sleep_1,Sleep_4,undirected,2
2663,Sleep_1,Sleep_4,none,133
2664,Sleep_1,Sleep_4,unknown,0
2665,Sleep_1,Sleep_5,u->v,1
2666,Sleep_1,Sleep_5,v->u,3
2667,Sleep_1,Sleep_5,undirected,0
2668,Sleep_1,Sleep_5,none,150
2669,Sleep_1,Sleep_5,unknown,0
2670,Sleep_1,Sleep_6,u->v,1
2671,Sleep_1,Sleep_6,v->u,1
2672,Sleep_1,Sleep_6,undirected,0
2673,Sleep_1,Sleep_6,none,152
2674,Sleep_1,Sleep_6,unknown,0
2675,Sleep_1,Sleep_7,u->v,1
2676,Sleep_1,Sleep_7,v->u,3
2677,Sleep_1,Sleep_7,undirected,0
2678,Sleep_1,Sleep_7,none,150
2679,Sleep_1,Sleep_7,unknown,0
2680,Sleep_1,L1,u->v,0
2681,Sleep_1,L1,v->u,24
2682,Sleep_1,L1,undirected,0
2683,Sleep_1,L1,none,130
2684,Sleep_1,L1,unknown,0
2685,Sleep_1,L2,u->v,1
2686,Sleep_1,L2,v->u,68
2687,Sleep_1,L2,undirected,2
2688,Sleep_1,L2,none,83
2689,Sleep_1,L2,unknown,0
2690,Sleep_1,L3,u->v,1
2691,Sleep_1,L3,v->u,24
2692,Sleep_1,L3,undirected,0
2693,Sleep_1,L3,none,129
2694,Sleep_1,L3,unknown,0
2695,Sleep_1,L4,u->v,1
2696,Sleep_1,L4,v->u,7
2697,Sleep_1,L4,undirected,0
2698,Sleep_1,L4,none,146
2699,Sleep_1,L4,unknown,0
2700,Sleep_1,L5,u->v,2
2701,Sleep_1,L5,v->u,1
2702,Sleep_1,L5,undirected,0
2703,Sleep_1,L5,none,151
2704,Sleep_1,L5,unknown,0
2705,Sleep_1,L6,u->v,0
2706,Sleep_1,L6,v->u,8
2707,Sleep_1,L6,undirected,0
2708,Sleep_1,L6,none,146
2709,Sleep_1,L6,unknown,0
2710,Sleep_1,L7,u->v,0
2711,Sleep_1,L7,v->u,3
2712,Sleep_1,L7,undirected,0
2713,Sleep_1,L7,none,151
2714,Sleep_1,L7,unknown,0
2715,Sleep_1,L8,u->v,0
2716,Sleep_1,L8,v->u,3
2717,Sleep_1,L8,undirected,0
2718,Sleep_1,L8,none,151
2719,Sleep_1,L8,unknown,0
2720,Sleep_1,L9,u->v,0
2721,Sleep_1,L9,v->u,6
2722,Sleep_1,L9,undirected,0
2723,Sleep_1,L9,none,148
2724,Sleep_1,L9,unknown,0
2725,Sleep_1,L10,u->v,2
2726,Sleep_1,L10,v->u,53
2727,Sleep_1,L10,undirected,0
2728,Sleep_1,L10,none,99
2729,Sleep_1,L10,unknown,0
2730,Sleep_2,Sleep_3,u->v,24
2731,Sleep_2,Sleep_3,v->u,49
2732,Sleep_2,Sleep_3,undirected,0
2733,Sleep_2,Sleep_3,none,81
2734,Sleep_2,Sleep_3,unknown,0
2735,Sleep_2,Sleep_4,u->v,10
2736,Sleep_2,Sleep_4,v->u,20
2737,Sleep_2,Sleep_4,undirected,0
2738,Sleep_2,Sleep_4,none,124
2739,Sleep_2,Sleep_4,unknown,0
2740,Sleep_2,Sleep_5,u->v,9
2741,Sleep_2,Sleep_5,v->u,2
2742,Sleep_2,Sleep_5,undirected,1
2743,Sleep_2,Sleep_5,none,142
2744,Sleep_2,Sleep_5,unknown,0
2745,Sleep_2,Sleep_6,u->v,18
2746,Sleep_2,Sleep_6,v->u,1
2747,Sleep_2,Sleep_6,undirected,0
2748,Sleep_2,Sleep_6,none,135
2749,Sleep_2,Sleep_6,unknown,0
2750,Sleep_2,Sleep_7,u->v,16
2751,Sleep_2,Sleep_7,v->u,3
2752,Sleep_2,Sleep_7,undirected,2
2753,Sleep_2,Sleep_7,none,133
2754,Sleep_2,Sleep_7,unknown,0
2755,Sleep_2,L1,u->v,1
2756,Sleep_2,L1,v->u,22
2757,Sleep_2,L1,undirected,0
2758,Sleep_2,L1,none,131
2759,Sleep_2,L1,unknown,0
2760,Sleep_2,L2,u->v,1
2761,Sleep_2,L2,v->u,65
2762,Sleep_2,L2,undirected,2
2763,Sleep_2,L2,none,86
2764,Sleep_2,L2,unknown,0
2765,Sleep_2,L3,u->v,2
2766,Sleep_2,L3,v->u,21
2767,Sleep_2,L3,undirected,2
2768,Sleep_2,L3,none,129
2769,Sleep_2,L3,unknown,0
2770,Sleep_2,L4,u->v,0
2771,Sleep_2,L4,v->u,9
2772,Sleep_2,L4,undirected,2
2773,Sleep_2,L4,none,143
2774,Sleep_2,L4,unknown,0
2775,Sleep_2,L5,u->v,0
2776,Sleep_2,L5,v->u,2
2777,Sleep_2,L5,undirected,0
2778,Sleep_2,L5,none,152
2779,Sleep_2,L5,unknown,0
2780,Sleep_2,L6,u->v,1
2781,Sleep_2,L6,v->u,8
2782,Sleep_2,L6,undirected,1
2783,Sleep_2,L6,none,144
2784,Sleep_2,L6,unknown,0
2785,Sleep_2,L7,u->v,1
2786,Sleep_2,L7,v->u,10
2787,Sleep_2,L7,undirected,2
2788,Sleep_2,L7,none,141
2789,Sleep_2,L7,unknown,0
2790,Sleep_2,L8,u->v,0
2791,Sleep_2,L8,v->u,3
2792,Sleep_2,L8,undirected,0
2793,Sleep_2,L8,none,151
2794,Sleep_2,L8,unknown,0
2795,Sleep_2,L9,u->v,0
2796,Sleep_2,L9,v->u,5
2797,Sleep_2,L9,undirected,1
2798,Sleep_2,L9,none,148
2799,Sleep_2,L9,unknown,0
2800,Sleep_2,L10,u->v,0
2801,Sleep_2,L10,v->u,51
2802,Sleep_2,L10,undirected,1
2803,Sleep_2,L10,none,102
2804,Sleep_2,L10,unknown,0
2805,Sleep_3,Sleep_4,u->v,3
2806,Sleep_3,Sleep_4,v->u,3
2807,Sleep_3,Sleep_4,undirected,1
2808,Sleep_3,Sleep_4,none,147
2809,Sleep_3,Sleep_4,unknown,0
2810,Sleep_3,Sleep_5,u->v,5
2811,Sleep_3,Sleep_5,v->u,3
2812,Sleep_3,Sleep_5,undirected,1
2813,Sleep_3,Sleep_5,none,145
2814,Sleep_3,Sleep_5,unknown,0
2815,Sleep_3,Sleep_6,u->v,5
2816,Sleep_3,Sleep_6,v->u,2
2817,Sleep_3,Sleep_6,undirected,0
2818,Sleep_3,Sleep_6,none,147
2819,Sleep_3,Sleep_6,unknown,0
2820,Sleep_3,Sleep_7,u->v,6
2821,Sleep_3,Sleep_7,v->u,3
2822,Sleep_3,Sleep_7,undirected,1
2823,Sleep_3,Sleep_7,none,144
2824,Sleep_3,Sleep_7,unknown,0
2825,Sleep_3,L1,u->v,1
2826,Sleep_3,L1,v->u,15
2827,Sleep_3,L1,undirected,1
2828,Sleep_3,L1,none,137
2829,Sleep_3,L1,unknown,0
2830,Sleep_3,L2,u->v,1
2831,Sleep_3,L2,v->u,57
2832,Sleep_3,L2,undirected,5
2833,Sleep_3,L2,none,91
2834,Sleep_3,L2,unknown,0
2835,Sleep_3,L3,u->v,2
2836,Sleep_3,L3,v->u,27
2837,Sleep_3,L3,undirected,1
2838,Sleep_3,L3,none,124
2839,Sleep_3,L3,unknown,0
2840,Sleep_3,L4,u->v,1
2841,Sleep_3,L4,v->u,15
2842,Sleep_3,L4,undirected,3
2843,Sleep_3,L4,none,135
2844,Sleep_3,L4,unknown,0
2845,Sleep_3,L5,u->v,2
2846,Sleep_3,L5,v->u,5
2847,Sleep_3,L5,undirected,0
2848,Sleep_3,L5,none,147
2849,Sleep_3,L5,unknown,0
2850,Sleep_3,L6,u->v,3
2851,Sleep_3,L6,v->u,9
2852,Sleep_3,L6,undirected,1
2853,Sleep_3,L6,none,141
2854,Sleep_3,L6,unknown,0
2855,Sleep_3,L7,u->v,2
2856,Sleep_3,L7,v->u,7
2857,Sleep_3,L7,undirected,2
2858,Sleep_3,L7,none,143
2859,Sleep_3,L7,unknown,0
2860,Sleep_3,L8,u->v,0
2861,Sleep_3,L8,v->u,3
2862,Sleep_3,L8,undirected,0
2863,Sleep_3,L8,none,151
2864,Sleep_3,L8,unknown,0
2865,Sleep_3,L9,u->v,1
2866,Sleep_3,L9,v->u,5
2867,Sleep_3,L9,undirected,0
2868,Sleep_3,L9,none,148
2869,Sleep_3,L9,unknown,0
2870,Sleep_3,L10,u->v,2
2871,Sleep_3,L10,v->u,40
2872,Sleep_3,L10,undirected,3
2873,Sleep_3,L10,none,109
2874,Sleep_3,L10,unknown,0
2875,Sleep_4,Sleep_5,u->v,6
2876,Sleep_4,Sleep_5,v->u,6
2877,Sleep_4,Sleep_5,undirected,1
2878,Sleep_4,Sleep_5,none,141
2879,Sleep_4,Sleep_5,unknown,0
2880,Sleep_4,Sleep_6,u->v,6
2881,Sleep_4,Sleep_6,v->u,3
2882,Sleep_4,Sleep_6,undirected,0
2883,Sleep_4,Sleep_6,none,145
2884,Sleep_4,Sleep_6,unknown,0
2885,Sleep_4,Sleep_7,u->v,5
2886,Sleep_4,Sleep_7,v->u,1
2887,Sleep_4,Sleep_7,undirected,2
2888,Sleep_4,Sleep_7,none,146
2889,Sleep_4,Sleep_7,unknown,0
2890,Sleep_4,L1,u->v,1
2891,Sleep_4,L1,v->u,7
2892,Sleep_4,L1,undirected,0
2893,Sleep_4,L1,none,146
2894,Sleep_4,L1,unknown,0
2895,Sleep_4,L2,u->v,1
2896,Sleep_4,L2,v->u,106
2897,Sleep_4,L2,undirected,0
2898,Sleep_4,L2,none,47
2899,Sleep_4,L2,unknown,0
2900,Sleep_4,L3,u->v,0
2901,Sleep_4,L3,v->u,21
2902,Sleep_4,L3,undirected,0
2903,Sleep_4,L3,none,133
2904,Sleep_4,L3,unknown,0
2905,Sleep_4,L4,u->v,0
2906,Sleep_4,L4,v->u,9
2907,Sleep_4,L4,undirected,0
2908,Sleep_4,L4,none,145
2909,Sleep_4,L4,unknown,0
2910,Sleep_4,L5,u->v,1
2911,Sleep_4,L5,v->u,3
2912,Sleep_4,L5,undirected,0
2913,Sleep_4,L5,none,150
2914,Sleep_4,L5,unknown,0
2915,Sleep_4,L6,u->v,1
2916,Sleep_4,L6,v->u,9
2917,Sleep_4,L6,undirected,0
2918,Sleep_4,L6,none,144
2919,Sleep_4,L6,unknown,0
2920,Sleep_4,L7,u->v,0
2921,Sleep_4,L7,v->u,6
2922,Sleep_4,L7,undirected,0
2923,Sleep_4,L7,none,148
2924,Sleep_4,L7,unknown,0
2925,Sleep_4,L8,u->v,0
2926,Sleep_4,L8,v->u,1
2927,Sleep_4,L8,undirected,0
2928,Sleep_4,L8,none,153
2929,Sleep_4,L8,unknown,0
2930,Sleep_4,L9,u->v,1
2931,Sleep_4,L9,v->u,3
2932,Sleep_4,L9,undirected,0
2933,Sleep_4,L9,none,150
2934,Sleep_4,L9,unknown,0
2935,Sleep_4,L10,u->v,1
2936,Sleep_4,L10,v->u,86
2937,Sleep_4,L10,undirected,1
2938,Sleep_4,L10,none,66
2939,Sleep_4,L10,unknown,0
2940,Sleep_5,Sleep_6,u->v,6
2941,Sleep_5,Sleep_6,v->u,3
2942,Sleep_5,Sleep_6,undirected,0
2943,Sleep_5,Sleep_6,none,145
2944,Sleep_5,Sleep_6,unknown,0
2945,Sleep_5,Sleep_7,u->v,8
2946,Sleep_5,Sleep_7,v->u,2
2947,Sleep_5,Sleep_7,undirected,0
2948,Sleep_5,Sleep_7,none,144
2949,Sleep_5,Sleep_7,unknown,0
2950,Sleep_5,L1,u->v,0
2951,Sleep_5,L1,v->u,7
2952,Sleep_5,L1,undirected,0
2953,Sleep_5,L1,none,147
2954,Sleep_5,L1,unknown,0
2955,Sleep_5,L2,u->v,2
2956,Sleep_5,L2,v->u,109
2957,Sleep_5,L2,undirected,0
2958,Sleep_5,L2,none,43
2959,Sleep_5,L2,unknown,0
2960,Sleep_5,L3,u->v,1
2961,Sleep_5,L3,v->u,17
2962,Sleep_5,L3,undirected,0
2963,Sleep_5,L3,none,136
2964,Sleep_5,L3,unknown,0
2965,Sleep_5,L4,u->v,0
2966,Sleep_5,L4,v->u,6
2967,Sleep_5,L4,undirected,1
2968,Sleep_5,L4,none,147
2969,Sleep_5,L4,unknown,0
2970,Sleep_5,L5,u->v,0
2971,Sleep_5,L5,v->u,2
2972,Sleep_5,L5,undirected,0
2973,Sleep_5,L5,none,152
2974,Sleep_5,L5,unknown,0
2975,Sleep_5,L6,u->v,1
2976,Sleep_5,L6,v->u,8
2977,Sleep_5,L6,undirected,0
2978,Sleep_5,L6,none,145
2979,Sleep_5,L6,unknown,0
2980,Sleep_5,L7,u->v,1
2981,Sleep_5,L7,v->u,5
2982,Sleep_5,L7,undirected,0
2983,Sleep_5,L7,none,148
2984,Sleep_5,L7,unknown,0
2985,Sleep_5,L8,u->v,1
2986,Sleep_5,L8,v->u,0
2987,Sleep_5,L8,undirected,0
2988,Sleep_5,L8,none,153
2989,Sleep_5,L8,unknown,0
2990,Sleep_5,L9,u->v,1
2991,Sleep_5,L9,v->u,3
2992,Sleep_5,L9,undirected,0
2993,Sleep_5,L9,none,150
2994,Sleep_5,L9,unknown,0
2995,Sleep_5,L10,u->v,1
2996,Sleep_5,L10,v->u,91
2997,Sleep_5,L10,undirected,0
2998,Sleep_5,L10,none,62
2999,Sleep_5,L10,unknown,0
3000,Sleep_6,Sleep_7,u->v,3
3001,Sleep_6,Sleep_7,v->u,3
3002,Sleep_6,Sleep_7,undirected,0
3003,Sleep_6,Sleep_7,none,148
3004,Sleep_6,Sleep_7,unknown,0
3005,Sleep_6,L1,u->v,0
3006,Sleep_6,L1,v->u,6
3007,Sleep_6,L1,undirected,0
3008,Sleep_6,L1,none,148
3009,Sleep_6,L1,unknown,0
3010,Sleep_6,L2,u->v,0
3011,Sleep_6,L2,v->u,114
3012,Sleep_6,L2,undirected,0
3013,Sleep_6,L2,none,40
3014,Sleep_6,L2,unknown,0
3015,Sleep_6,L3,u->v,0
3016,Sleep_6,L3,v->u,18
3017,Sleep_6,L3,undirected,0
3018,Sleep_6,L3,none,136
3019,Sleep_6,L3,unknown,0
3020,Sleep_6,L4,u->v,0
3021,Sleep_6,L4,v->u,8
3022,Sleep_6,L4,undirected,0
3023,Sleep_6,L4,none,146
3024,Sleep_6,L4,unknown,0
3025,Sleep_6,L5,u->v,1
3026,Sleep_6,L5,v->u,0
3027,Sleep_6,L5,undirected,0
3028,Sleep_6,L5,none,153
3029,Sleep_6,L5,unknown,0
3030,Sleep_6,L6,u->v,1
3031,Sleep_6,L6,v->u,5
3032,Sleep_6,L6,undirected,0
3033,Sleep_6,L6,none,148
3034,Sleep_6,L6,unknown,0
3035,Sleep_6,L7,u->v,0
3036,Sleep_6,L7,v->u,6
3037,Sleep_6,L7,undirected,1
3038,Sleep_6,L7,none,147
3039,Sleep_6,L7,unknown,0
3040,Sleep_6,L8,u->v,3
3041,Sleep_6,L8,v->u,0
3042,Sleep_6,L8,undirected,0
3043,Sleep_6,L8,none,151
3044,Sleep_6,L8,unknown,0
3045,Sleep_6,L9,u->v,0
3046,Sleep_6,L9,v->u,2
3047,Sleep_6,L9,undirected,0
3048,Sleep_6,L9,none,152
3049,Sleep_6,L9,unknown,0
3050,Sleep_6,L10,u->v,0
3051,Sleep_6,L10,v->u,88
3052,Sleep_6,L10,undirected,0
3053,Sleep_6,L10,none,66
3054,Sleep_6,L10,unknown,0
3055,Sleep_7,L1,u->v,0
3056,Sleep_7,L1,v->u,10
3057,Sleep_7,L1,undirected,1
3058,Sleep_7,L1,none,143
3059,Sleep_7,L1,unknown,0
3060,Sleep_7,L2,u->v,2
3061,Sleep_7,L2,v->u,70
3062,Sleep_7,L2,undirected,1
3063,Sleep_7,L2,none,81
3064,Sleep_7,L2,unknown,0
3065,Sleep_7,L3,u->v,0
3066,Sleep_7,L3,v->u,25
3067,Sleep_7,L3,undirected,0
3068,Sleep_7,L3,none,129
3069,Sleep_7,L3,unknown,0
3070,Sleep_7,L4,u->v,0
3071,Sleep_7,L4,v->u,21
3072,Sleep_7,L4,undirected,5
3073,Sleep_7,L4,none,128
3074,Sleep_7,L4,unknown,0
3075,Sleep_7,L5,u->v,2
3076,Sleep_7,L5,v->u,1
3077,Sleep_7,L5,undirected,0
3078,Sleep_7,L5,none,151
3079,Sleep_7,L5,unknown,0
3080,Sleep_7,L6,u->v,3
3081,Sleep_7,L6,v->u,10
3082,Sleep_7,L6,undirected,1
3083,Sleep_7,L6,none,140
3084,Sleep_7,L6,unknown,0
3085,Sleep_7,L7,u->v,0
3086,Sleep_7,L7,v->u,9
3087,Sleep_7,L7,undirected,0
3088,Sleep_7,L7,none,145
3089,Sleep_7,L7,unknown,0
3090,Sleep_7,L8,u->v,0
3091,Sleep_7,L8,v->u,0
3092,Sleep_7,L8,undirected,0
3093,Sleep_7,L8,none,154
3094,Sleep_7,L8,unknown,0
3095,Sleep_7,L9,u->v,1
3096,Sleep_7,L9,v->u,7
3097,Sleep_7,L9,undirected,0
3098,Sleep_7,L9,none,146
3099,Sleep_7,L9,unknown,0
3100,Sleep_7,L10,u->v,1
3101,Sleep_7,L10,v->u,58
3102,Sleep_7,L10,undirected,0
3103,Sleep_7,L10,none,95
3104,Sleep_7,L10,unknown,0
3105,L1,L2,u->v,13
3106,L1,L2,v->u,8
3107,L1,L2,undirected,1
3108,L1,L2,none,132
3109,L1,L2,unknown,0
3110,L1,L3,u->v,4
3111,L1,L3,v->u,5
3112,L1,L3,undirected,0
3113,L1,L3,none,145
3114,L1,L3,unknown,0
3115,L1,L4,u->v,10
3116,L1,L4,v->u,16
3117,L1,L4,undirected,3
3118,L1,L4,none,125
3119,L1,L4,unknown,0
3120,L1,L5,u->v,28
3121,L1,L5,v->u,0
3122,L1,L5,undirected,1
3123,L1,L5,none,125
3124,L1,L5,unknown,0
3125,L1,L6,u->v,1
3126,L1,L6,v->u,1
3127,L1,L6,undirected,0
3128,L1,L6,none,152
3129,L1,L6,unknown,0
3130,L1,L7,u->v,7
3131,L1,L7,v->u,6
3132,L1,L7,undirected,0
3133,L1,L7,none,141
3134,L1,L7,unknown,0
3135,L1,L8,u->v,4
3136,L1,L8,v->u,0
3137,L1,L8,undirected,0
3138,L1,L8,none,150
3139,L1,L8,unknown,0
3140,L1,L9,u->v,0
3141,L1,L9,v->u,3
3142,L1,L9,undirected,0
3143,L1,L9,none,151
3144,L1,L9,unknown,0
3145,L1,L10,u->v,11
3146,L1,L10,v->u,6
3147,L1,L10,undirected,1
3148,L1,L10,none,136
3149,L1,L10,unknown,0
3150,L2,L3,u->v,10
3151,L2,L3,v->u,15
3152,L2,L3,undirected,0
3153,L2,L3,none,129
3154,L2,L3,unknown,0
3155,L2,L4,u->v,4
3156,L2,L4,v->u,10
3157,L2,L4,undirected,1
3158,L2,L4,none,139
3159,L2,L4,unknown,0
3160,L2,L5,u->v,8
3161,L2,L5,v->u,3
3162,L2,L5,undirected,0
3163,L2,L5,none,143
3164,L2,L5,unknown,0
3165,L2,L6,u->v,8
3166,L2,L6,v->u,7
3167,L2,L6,undirected,0
3168,L2,L6,none,139
3169,L2,L6,unknown,0
3170,L2,L7,u->v,9
3171,L2,L7,v->u,9
3172,L2,L7,undirected,0
3173,L2,L7,none,136
3174,L2,L7,unknown,0
3175,L2,L8,u->v,2
3176,L2,L8,v->u,6
3177,L2,L8,undirected,0
3178,L2,L8,none,146
3179,L2,L8,unknown,0
3180,L2,L9,u->v,1
3181,L2,L9,v->u,5
3182,L2,L9,undirected,0
3183,L2,L9,none,148
3184,L2,L9,unknown,0
3185,L2,L10,u->v,4
3186,L2,L10,v->u,3
3187,L2,L10,undirected,0
3188,L2,L10,none,147
3189,L2,L10,unknown,0
3190,L3,L4,u->v,2
3191,L3,L4,v->u,3
3192,L3,L4,undirected,0
3193,L3,L4,none,149
3194,L3,L4,unknown,0
3195,L3,L5,u->v,17
3196,L3,L5,v->u,1
3197,L3,L5,undirected,0
3198,L3,L5,none,136
3199,L3,L5,unknown,0
3200,L3,L6,u->v,18
3201,L3,L6,v->u,28
3202,L3,L6,undirected,1
3203,L3,L6,none,107
3204,L3,L6,unknown,0
3205,L3,L7,u->v,5
3206,L3,L7,v->u,2
3207,L3,L7,undirected,0
3208,L3,L7,none,147
3209,L3,L7,unknown,0
3210,L3,L8,u->v,24
3211,L3,L8,v->u,0
3212,L3,L8,undirected,0
3213,L3,L8,none,130
3214,L3,L8,unknown,0
3215,L3,L9,u->v,10
3216,L3,L9,v->u,8
3217,L3,L9,undirected,1
3218,L3,L9,none,135
3219,L3,L9,unknown,0
3220,L3,L10,u->v,11
3221,L3,L10,v->u,4
3222,L3,L10,undirected,0
3223,L3,L10,none,139
3224,L3,L10,unknown,0
3225,L4,L5,u->v,6
3226,L4,L5,v->u,2
3227,L4,L5,undirected,0
3228,L4,L5,none,146
3229,L4,L5,unknown,0
3230,L4,L6,u->v,24
3231,L4,L6,v->u,6
3232,L4,L6,undirected,2
3233,L4,L6,none,122
3234,L4,L6,unknown,0
3235,L4,L7,u->v,3
3236,L4,L7,v->u,3
3237,L4,L7,undirected,0
3238,L4,L7,none,148
3239,L4,L7,unknown,0
3240,L4,L8,u->v,2
3241,L4,L8,v->u,0
3242,L4,L8,undirected,1
3243,L4,L8,none,151
3244,L4,L8,unknown,0
3245,L4,L9,u->v,12
3246,L4,L9,v->u,6
3247,L4,L9,undirected,4
3248,L4,L9,none,132
3249,L4,L9,unknown,0
3250,L4,L10,u->v,10
3251,L4,L10,v->u,4
3252,L4,L10,undirected,1
3253,L4,L10,none,139
3254,L4,L10,unknown,0
3255,L5,L6,u->v,4
3256,L5,L6,v->u,9
3257,L5,L6,undirected,1
3258,L5,L6,none,140
3259,L5,L6,unknown,0
3260,L5,L7,u->v,4
3261,L5,L7,v->u,6
3262,L5,L7,undirected,0
3263,L5,L7,none,144
3264,L5,L7,unknown,0
3265,L5,L8,u->v,7
3266,L5,L8,v->u,3
3267,L5,L8,undirected,0
3268,L5,L8,none,144
3269,L5,L8,unknown,0
3270,L5,L9,u->v,3
3271,L5,L9,v->u,11
3272,L5,L9,undirected,0
3273,L5,L9,none,140
3274,L5,L9,unknown,0
3275,L5,L10,u->v,2
3276,L5,L10,v->u,4
3277,L5,L10,undirected,0
3278,L5,L10,none,148
3279,L5,L10,unknown,0
3280,L6,L7,u->v,28
3281,L6,L7,v->u,19
3282,L6,L7,undirected,1
3283,L6,L7,none,106
3284,L6,L7,unknown,0
3285,L6,L8,u->v,5
3286,L6,L8,v->u,1
3287,L6,L8,undirected,0
3288,L6,L8,none,148
3289,L6,L8,unknown,0
3290,L6,L9,u->v,1
3291,L6,L9,v->u,1
3292,L6,L9,undirected,0
3293,L6,L9,none,152
3294,L6,L9,unknown,0
3295,L6,L10,u->v,6
3296,L6,L10,v->u,7
3297,L6,L10,undirected,0
3298,L6,L10,none,141
3299,L6,L10,unknown,0
3300,L7,L8,u->v,9
3301,L7,L8,v->u,0
3302,L7,L8,undirected,0
3303,L7,L8,none,145
3304,L7,L8,unknown,0
3305,L7,L9,u->v,10
3306,L7,L9,v->u,10
3307,L7,L9,undirected,1
3308,L7,L9,none,133
3309,L7,L9,unknown,0
3310,L7,L10,u->v,9
3311,L7,L10,v->u,7
3312,L7,L10,undirected,0
3313,L7,L10,none,138
3314,L7,L10,unknown,0
3315,L8,L9,u->v,1
3316,L8,L9,v->u,5
3317,L8,L9,undirected,0
3318,L8,L9,none,148
3319,L8,L9,unknown,0
3320,L8,L10,u->v,5
3321,L8,L10,v->u,1
3322,L8,L10,undirected,0
3323,L8,L10,none,148
3324,L8,L10,unknown,0
3325,L9,L10,u->v,4
3326,L9,L10,v->u,1
3327,L9,L10,undirected,0
3328,L9,L10,none,149
3329,L9,L10,unknown,0
